Age,EducationBackground,EmpDepartment,EmpJobRole,BusinessTravelFrequency,DistanceFromHome,EmpEducationLevel,EmpEnvironmentSatisfaction,EmpHourlyRate,EmpJobInvolvement,EmpJobLevel,EmpJobSatisfaction,NumCompaniesWorked,OverTime,EmpLastSalaryHikePercent,EmpRelationshipSatisfaction,TotalWorkExperienceInYears,TrainingTimesLastYear,EmpWorkLifeBalance,ExperienceYearsAtThisCompany,ExperienceYearsInCurrentRole,YearsSinceLastPromotion,YearsWithCurrManager,Attrition
28,Life Sciences,Sales,Sales Executive,Travel_Frequently,7,3,3,55,3,2,1,0,No,14,4,5,5,3,4,2,1,3,No
25,Life Sciences,Sales,Sales Executive,Travel_Rarely,4,2,2,99,2,2,4,1,Yes,11,2,5,3,3,5,4,1,3,No
25,Medical,Research & Development,Research Scientist,Travel_Rarely,1,3,4,40,3,1,2,1,No,18,4,2,3,2,2,2,2,1,No
31,Technical Degree,Sales,Sales Executive,Travel_Rarely,5,3,1,51,3,2,3,1,No,19,3,6,3,3,5,2,0,2,No
30,Technical Degree,Sales,Sales Representative,Travel_Rarely,2,1,3,72,3,1,2,1,No,18,1,1,3,3,1,0,0,0,No
45,Life Sciences,Development,Business Analyst,Travel_Rarely,7,3,2,59,3,3,1,2,No,17,3,25,2,3,1,0,0,0,No
32,Marketing,Sales,Sales Executive,Travel_Rarely,2,1,3,36,3,2,2,0,Yes,13,1,4,3,2,3,2,1,2,No
39,Life Sciences,Sales,Sales Executive,Travel_Frequently,20,3,3,83,3,2,4,2,No,18,4,7,6,3,2,1,2,2,No
33,Human Resources,Human Resources,Human Resources,Travel_Rarely,3,2,4,57,3,1,2,3,Yes,11,3,7,4,4,4,3,0,3,No
24,Other,Development,Developer,Non-Travel,11,2,1,96,4,2,3,0,No,18,4,5,5,2,4,2,1,3,No
19,Life Sciences,Research & Development,Research Scientist,Travel_Rarely,9,2,3,54,3,1,1,1,No,25,3,1,4,3,1,1,0,0,No
32,Medical,Research & Development,Manager R&D,Non-Travel,15,4,3,34,3,2,4,5,No,18,2,9,6,3,5,1,1,2,No
58,Medical,Development,Developer,Travel_Rarely,23,4,4,94,3,3,4,1,No,12,4,40,3,2,40,10,15,6,Yes
40,Technical Degree,Research & Development,Laboratory Technician,Travel_Frequently,11,3,4,73,3,2,3,1,No,11,1,10,2,4,10,9,9,4,No
34,Marketing,Sales,Sales Executive,Non-Travel,23,4,2,72,3,2,3,0,No,20,3,10,2,3,9,5,8,7,No
54,Medical,Development,Developer,Travel_Rarely,19,4,4,95,3,2,1,9,Yes,11,2,9,4,3,5,3,1,4,No
36,Other,Development,Developer,Travel_Rarely,1,3,3,35,3,2,2,0,No,15,1,10,2,3,9,7,0,5,No
60,Life Sciences,Development,Developer,Travel_Rarely,7,3,1,41,3,5,1,5,No,11,4,33,5,1,29,8,11,10,No
43,Life Sciences,Research & Development,Research Scientist,Non-Travel,9,3,1,52,3,1,3,4,No,13,3,7,2,2,3,2,1,2,No
29,Medical,Development,Developer,Travel_Rarely,3,4,2,93,2,3,3,1,No,18,3,10,2,3,10,2,0,7,No
38,Human Resources,Human Resources,Human Resources,Non-Travel,2,3,1,100,3,1,2,5,No,13,4,13,3,3,11,10,3,8,No
36,Marketing,Sales,Sales Executive,Non-Travel,15,4,4,88,1,2,4,1,No,24,1,15,4,2,15,12,11,11,No
44,Life Sciences,Human Resources,Human Resources,Travel_Rarely,1,4,1,50,2,2,3,4,No,11,2,10,1,4,2,2,0,2,No
40,Medical,Research & Development,Research Scientist,Travel_Frequently,26,2,3,92,2,2,4,3,Yes,13,4,16,3,1,1,1,0,0,No
31,Medical,Research & Development,Research Scientist,Non-Travel,3,2,3,48,3,1,1,1,Yes,13,4,4,3,4,4,2,2,3,No
30,Other,Research & Development,Senior Manager R&D,Travel_Rarely,20,3,3,85,3,2,1,0,No,15,3,7,1,2,6,2,0,2,No
27,Life Sciences,Development,Developer,Travel_Rarely,4,3,2,76,3,1,3,1,No,19,3,1,2,3,1,1,0,0,No
36,Other,Research & Development,Research Scientist,Travel_Rarely,2,4,4,73,3,2,2,4,Yes,22,4,15,2,3,1,0,0,0,No
38,Medical,Research & Development,Senior Manager R&D,Travel_Frequently,10,1,3,66,3,1,3,0,No,17,2,3,0,2,2,1,0,2,No
39,Medical,Data Science,Data Scientist,Travel_Rarely,1,4,3,96,3,1,3,7,No,14,3,7,1,3,3,2,1,2,No
31,Medical,Development,Delivery Manager,Travel_Rarely,7,4,3,39,3,3,4,1,Yes,14,3,11,2,2,11,9,4,10,No
58,Medical,Sales,Sales Executive,Travel_Rarely,10,4,4,37,3,4,3,0,No,13,3,38,1,2,37,10,1,8,No
19,Medical,Research & Development,Research Scientist,Non-Travel,10,3,1,96,2,1,2,1,Yes,25,2,1,2,4,1,1,0,0,Yes
44,Life Sciences,Development,Developer,Travel_Rarely,8,4,1,62,4,1,4,2,Yes,24,3,10,2,2,3,2,0,2,No
39,Life Sciences,Development,Senior Developer,Travel_Frequently,1,1,2,52,3,5,3,1,Yes,14,3,21,3,3,21,8,1,6,No
34,Life Sciences,Development,Developer,Travel_Frequently,7,3,1,66,1,2,3,1,Yes,24,4,9,3,3,9,7,0,6,Yes
34,Medical,Development,Developer,Travel_Rarely,8,2,2,96,3,2,3,3,No,11,4,10,2,3,5,1,4,3,No
35,Life Sciences,Development,Developer,Travel_Rarely,9,4,3,97,2,2,2,9,No,19,3,10,5,3,1,1,0,0,No
42,Marketing,Sales,Sales Executive,Travel_Rarely,12,4,2,77,3,2,4,3,Yes,12,3,14,4,3,0,0,0,0,No
37,Life Sciences,Finance,Finance Manager,Travel_Rarely,19,3,3,85,3,2,3,3,No,17,1,9,2,2,4,3,0,2,No
29,Life Sciences,Research & Development,Laboratory Technician,Travel_Rarely,7,3,4,59,3,1,1,3,No,14,2,11,2,3,3,2,1,2,No
27,Medical,Sales,Sales Executive,Travel_Rarely,2,2,1,89,4,2,3,0,No,14,2,9,5,2,8,7,0,7,No
33,Life Sciences,Development,Developer,Travel_Rarely,2,2,1,39,3,1,1,7,No,20,1,13,3,4,9,7,1,7,Yes
40,Medical,Sales,Sales Executive,Travel_Frequently,2,4,2,62,3,2,2,5,No,12,4,5,2,3,0,0,0,0,No
52,Life Sciences,Sales,Sales Representative,Non-Travel,29,4,1,40,3,1,4,2,No,15,2,16,3,2,9,8,0,0,No
35,Marketing,Sales,Sales Executive,Travel_Frequently,11,2,4,54,3,2,4,1,No,11,4,5,3,3,5,2,0,2,No
32,Life Sciences,Research & Development,Manager R&D,Travel_Rarely,7,2,4,79,3,2,3,1,No,18,1,10,3,3,10,4,1,1,Yes
41,Life Sciences,Sales,Sales Executive,Travel_Rarely,1,2,2,94,3,2,4,8,Yes,11,1,8,0,1,6,4,0,5,Yes
51,Medical,Development,Technical Lead,Travel_Rarely,2,3,4,84,1,2,2,5,No,18,4,13,3,3,4,1,1,2,No
29,Medical,Research & Development,Research Scientist,Travel_Rarely,1,4,1,36,3,1,4,9,Yes,14,2,4,3,4,2,2,2,2,Yes
35,Life Sciences,Sales,Sales Executive,Travel_Frequently,18,5,2,71,3,3,1,1,No,22,4,9,3,2,9,8,1,8,No
21,Life Sciences,Research & Development,Senior Manager R&D,Travel_Rarely,10,3,3,36,2,1,1,1,No,13,1,1,6,2,1,0,1,0,Yes
29,Life Sciences,Finance,Finance Manager,Travel_Frequently,2,1,1,87,3,2,4,1,No,19,4,6,0,4,6,4,1,3,No
29,Life Sciences,Research & Development,Manager R&D,Travel_Rarely,28,4,3,93,3,1,4,4,No,22,1,11,1,3,7,5,1,7,No
29,Life Sciences,Development,Business Analyst,Travel_Rarely,2,3,3,76,3,1,2,0,No,23,4,6,3,3,5,4,0,4,No
40,Medical,Data Science,Data Scientist,Travel_Rarely,2,2,1,49,3,5,3,0,No,19,4,22,5,3,21,7,3,9,No
56,Life Sciences,Research & Development,Manager R&D,Travel_Rarely,1,2,1,90,3,1,1,2,No,22,4,5,3,4,3,2,1,0,No
35,Marketing,Sales,Sales Executive,Travel_Rarely,1,4,3,32,2,2,1,0,No,14,2,16,2,3,15,13,2,8,No
34,Life Sciences,Research & Development,Healthcare Representative,Travel_Rarely,9,3,4,86,3,3,4,0,No,11,4,10,0,2,9,7,1,6,No
32,Medical,Finance,Finance Manager,Travel_Rarely,2,3,4,45,3,2,2,0,No,13,3,10,4,2,9,5,1,6,No
24,Medical,Research & Development,Laboratory Technician,Travel_Rarely,29,1,2,91,3,1,1,1,No,13,2,6,2,4,6,2,1,2,No
36,Life Sciences,Development,Developer,Travel_Rarely,5,4,2,82,2,1,1,9,Yes,14,4,6,3,4,1,1,0,0,No
50,Other,Sales,Sales Executive,Travel_Frequently,1,4,4,81,3,2,3,3,Yes,14,4,5,4,3,0,0,0,0,Yes
25,Marketing,Sales,Sales Executive,Travel_Rarely,5,3,3,46,2,2,3,1,Yes,11,4,6,1,3,6,4,0,3,Yes
33,Marketing,Sales,Sales Executive,Travel_Rarely,16,3,1,69,3,2,1,5,No,15,3,6,3,3,3,2,0,2,Yes
33,Medical,Development,Developer,Travel_Rarely,2,3,3,78,3,1,4,4,No,11,4,7,3,3,1,1,0,0,No
34,Life Sciences,Sales,Sales Executive,Non-Travel,10,3,4,87,3,2,3,1,Yes,14,3,15,3,3,15,14,0,7,No
34,Medical,Development,Developer,Travel_Frequently,10,4,4,43,3,1,3,1,Yes,17,4,5,4,4,5,3,2,0,No
35,Life Sciences,Research & Development,Manufacturing Director,Travel_Frequently,18,2,3,60,3,3,4,2,No,11,3,10,2,3,2,2,2,2,No
29,Technical Degree,Sales,Sales Representative,Travel_Frequently,20,3,3,84,3,1,4,1,No,15,2,3,5,3,3,1,0,2,No
28,Medical,Data Science,Data Scientist,Travel_Rarely,16,2,2,68,4,2,1,0,No,19,3,9,2,3,8,3,0,7,No
53,Medical,Research & Development,Manager R&D,Travel_Rarely,7,2,4,50,3,5,3,3,No,18,2,26,6,3,7,7,4,7,No
34,Marketing,Sales,Sales Executive,Travel_Rarely,2,3,3,86,3,2,1,0,Yes,12,4,4,3,3,3,2,0,2,No
39,Life Sciences,Research & Development,Research Scientist,Travel_Rarely,24,1,1,52,3,2,4,7,No,13,1,18,2,3,7,7,1,7,No
32,Technical Degree,Sales,Sales Executive,Travel_Rarely,8,2,3,65,2,2,2,1,Yes,11,4,13,2,3,13,12,11,9,No
43,Life Sciences,Research & Development,Healthcare Representative,Travel_Rarely,11,3,1,30,3,3,3,1,No,17,2,10,1,3,10,9,0,9,No
50,Medical,Research & Development,Manager R&D,Travel_Frequently,2,3,4,30,3,4,1,2,No,22,3,32,3,3,2,2,2,2,No
53,Marketing,Sales,Sales Executive,Travel_Rarely,8,3,1,73,3,4,4,5,No,14,3,28,3,3,2,0,2,2,No
35,Life Sciences,Research & Development,Research Scientist,Travel_Rarely,1,4,3,62,1,1,4,1,No,12,4,4,5,3,4,3,1,1,No
37,Medical,Research & Development,Manager R&D,Travel_Rarely,11,3,1,94,3,1,3,4,No,18,1,8,6,3,3,2,0,2,No
53,Life Sciences,Sales,Manager,Travel_Rarely,2,4,1,78,2,4,4,2,No,16,3,31,3,3,25,8,3,7,No
57,Medical,Development,Developer,Travel_Rarely,1,4,4,88,3,2,3,2,No,11,3,15,2,3,3,2,1,2,No
59,Life Sciences,Research & Development,Manufacturing Director,Travel_Rarely,2,3,3,69,2,4,4,3,Yes,13,1,30,4,3,5,3,4,3,No
46,Medical,Human Resources,Human Resources,Travel_Rarely,5,2,2,80,3,2,2,8,Yes,22,4,16,2,3,4,2,0,2,No
27,Marketing,Sales,Sales Executive,Travel_Rarely,10,3,4,98,2,2,4,1,Yes,11,4,6,3,3,6,2,4,4,No
55,Marketing,Sales,Sales Executive,Travel_Rarely,13,4,1,85,4,4,3,6,Yes,17,3,24,2,2,19,7,3,8,Yes
50,Marketing,Sales,Sales Executive,Travel_Rarely,28,3,4,39,2,3,1,4,Yes,13,2,20,3,3,3,2,2,0,Yes
26,Marketing,Sales,Sales Executive,Travel_Rarely,23,3,3,47,2,2,4,7,Yes,19,3,5,2,2,2,2,0,0,No
34,Life Sciences,Development,Developer,Travel_Rarely,10,3,2,83,3,1,2,1,No,14,2,1,3,3,1,0,1,0,No
46,Life Sciences,Sales,Sales Executive,Non-Travel,26,2,2,98,2,2,2,8,No,15,3,6,3,3,2,2,2,2,No
45,Technical Degree,Research & Development,Research Scientist,Travel_Rarely,28,3,4,97,3,1,4,4,No,20,4,8,3,3,5,4,0,3,No
30,Marketing,Sales,Sales Representative,Travel_Rarely,7,1,4,57,3,1,2,0,No,14,1,4,3,3,3,2,1,2,No
58,Life Sciences,Sales,Manager,Travel_Rarely,21,3,4,72,3,4,4,4,Yes,13,3,29,2,2,1,0,0,0,No
25,Life Sciences,Sales,Sales Executive,Travel_Rarely,8,3,4,57,4,2,2,0,No,22,3,4,4,3,3,2,1,2,No
26,Medical,Research & Development,Research Scientist,Travel_Frequently,1,1,1,66,2,1,3,1,No,13,3,5,5,3,5,3,1,3,No
45,Technical Degree,Research & Development,Healthcare Representative,Travel_Rarely,1,4,1,66,3,3,2,1,No,12,1,10,4,3,10,8,7,7,No
35,Technical Degree,Human Resources,Human Resources,Travel_Rarely,8,4,3,100,3,1,3,1,No,17,2,6,2,1,5,4,1,4,No
25,Medical,Research & Development,Laboratory Technician,Travel_Rarely,19,1,4,67,3,1,4,3,No,11,3,7,6,2,3,2,1,2,No
26,Medical,Development,Developer,Travel_Frequently,11,2,1,60,3,2,1,1,Yes,13,3,5,3,3,5,3,3,3,No
30,Life Sciences,Development,Developer,Travel_Rarely,22,3,1,48,3,1,3,4,Yes,11,2,7,2,3,5,2,0,1,Yes
24,Life Sciences,Development,Senior Developer,Travel_Frequently,7,3,1,55,3,1,3,1,Yes,16,4,6,4,3,6,3,1,2,Yes
40,Medical,Sales,Sales Executive,Travel_Rarely,9,2,1,47,3,2,1,0,No,12,4,9,5,4,8,4,7,1,No
34,Marketing,Sales,Sales Executive,Non-Travel,19,3,1,67,4,2,4,8,Yes,13,2,9,3,2,5,2,0,4,Yes
20,Medical,Sales,Sales Representative,Travel_Rarely,2,3,3,49,2,1,3,1,No,13,4,2,3,2,2,2,0,2,Yes
50,Marketing,Sales,Sales Representative,Travel_Rarely,8,4,4,54,3,1,2,7,No,15,4,4,2,3,2,2,2,2,No
29,Life Sciences,Sales,Sales Executive,Travel_Rarely,23,1,4,45,2,3,1,1,No,13,1,11,3,1,11,8,3,10,Yes
30,Marketing,Sales,Sales Executive,Travel_Frequently,26,4,3,52,2,2,1,5,No,15,3,9,5,2,6,3,0,1,Yes
35,Other,Sales,Sales Executive,Travel_Frequently,12,4,4,36,3,2,4,3,Yes,24,1,13,2,4,11,9,6,7,Yes
42,Human Resources,Human Resources,Manager,Travel_Rarely,10,3,3,31,3,4,1,0,No,14,3,21,5,3,20,7,0,9,No
41,Marketing,Sales,Sales Executive,Travel_Rarely,4,1,3,81,3,3,3,0,Yes,13,4,23,3,4,22,14,13,5,No
28,Life Sciences,Research & Development,Manager R&D,Non-Travel,1,3,3,55,1,2,4,0,No,11,1,10,6,3,9,8,7,5,No
35,Medical,Sales,Sales Executive,Travel_Rarely,15,2,1,59,1,2,4,6,Yes,14,4,7,2,2,2,2,2,2,Yes
48,Medical,Research & Development,Manager,Travel_Frequently,22,3,4,58,3,4,4,3,No,11,2,24,3,3,22,17,4,7,No
37,Life Sciences,Development,Developer,Travel_Rarely,19,2,2,73,3,1,2,4,No,21,1,8,1,3,1,0,0,0,No
33,Marketing,Sales,Sales Executive,Non-Travel,2,3,4,62,3,2,2,8,No,15,4,13,2,2,11,7,1,7,No
48,Life Sciences,Research & Development,Healthcare Representative,Travel_Rarely,6,3,1,97,2,2,3,2,No,13,4,19,0,3,2,2,2,2,No
31,Medical,Sales,Sales Executive,Travel_Rarely,13,4,2,46,3,2,1,2,No,17,3,9,2,1,3,1,1,2,Yes
28,Technical Degree,Research & Development,Senior Manager R&D,Non-Travel,24,2,2,72,2,3,1,1,No,12,1,10,2,2,10,7,1,9,Yes
32,Life Sciences,Development,Developer,Non-Travel,1,3,4,61,3,1,4,0,No,12,2,4,2,3,3,0,0,2,No
31,Marketing,Sales,Sales Executive,Travel_Frequently,26,4,1,63,3,2,4,1,Yes,11,3,10,4,3,10,7,0,8,Yes
41,Marketing,Sales,Sales Executive,Travel_Rarely,1,3,2,49,4,3,1,1,No,16,3,10,2,3,10,7,0,7,No
27,Medical,Development,Developer,Travel_Rarely,6,4,1,66,2,1,3,0,No,12,3,6,5,2,5,3,0,3,No
56,Medical,Development,Developer,Travel_Rarely,9,3,3,81,3,4,4,7,No,11,3,30,1,2,10,7,1,1,No
48,Life Sciences,Development,Senior Developer,Travel_Rarely,1,4,4,40,2,4,1,7,No,11,1,21,3,1,3,2,0,2,No
33,Medical,Sales,Sales Executive,Travel_Frequently,7,3,4,54,3,2,1,0,No,14,1,5,2,3,4,3,0,3,No
32,Life Sciences,Research & Development,Research Scientist,Travel_Frequently,5,2,1,47,4,1,3,3,Yes,14,1,8,2,3,4,1,0,3,Yes
33,Life Sciences,Research & Development,Research Scientist,Travel_Rarely,8,4,4,90,4,1,1,6,No,19,2,14,1,3,10,8,7,6,No
41,Life Sciences,Sales,Manager,Travel_Rarely,2,5,2,91,3,4,1,7,No,16,2,22,2,3,18,16,11,8,No
41,Life Sciences,Research & Development,Research Scientist,Travel_Rarely,1,3,4,76,3,1,4,3,No,22,1,12,3,3,5,3,1,0,No
40,Marketing,Sales,Sales Executive,Travel_Rarely,2,2,4,46,3,2,2,7,No,12,3,8,5,3,5,4,1,3,No
32,Life Sciences,Finance,Finance Manager,Travel_Rarely,2,4,4,95,3,1,2,1,No,12,1,1,2,3,1,0,0,0,Yes
52,Technical Degree,Development,Developer,Travel_Rarely,6,2,4,78,3,2,1,3,Yes,12,2,18,3,3,10,9,6,9,No
39,Medical,Research & Development,Manufacturing Director,Travel_Frequently,22,3,4,82,3,3,1,1,Yes,13,3,21,2,3,21,6,2,8,No
45,Medical,Development,Technical Lead,Non-Travel,2,2,1,65,2,4,4,9,No,23,4,22,1,3,20,8,11,8,No
30,Life Sciences,Development,Senior Developer,Non-Travel,3,3,3,53,3,1,4,4,No,15,3,9,3,1,5,3,1,4,No
43,Medical,Development,Technical Lead,Non-Travel,7,3,4,37,4,1,4,4,No,14,4,7,3,4,5,4,2,2,No
58,Medical,Research & Development,Manufacturing Director,Travel_Rarely,7,4,3,53,2,3,1,7,Yes,14,4,31,0,2,10,9,5,9,Yes
32,Other,Finance,Finance Manager,Travel_Rarely,5,4,2,35,4,1,4,3,No,17,4,6,3,3,3,2,0,2,No
36,Medical,Sales,Sales Executive,Travel_Frequently,3,4,1,48,2,3,4,4,No,11,1,16,2,3,13,9,1,12,No
41,Life Sciences,Sales,Manager,Travel_Rarely,6,3,4,75,3,3,4,3,Yes,18,3,16,3,3,1,0,0,0,No
36,Life Sciences,Research & Development,Manager R&D,Non-Travel,9,4,1,66,4,1,2,1,No,22,2,5,3,3,5,4,0,2,No
38,Medical,Research & Development,Healthcare Representative,Travel_Rarely,18,3,2,60,1,2,4,3,Yes,16,3,15,2,3,1,0,1,0,No
34,Other,Research & Development,Research Scientist,Travel_Frequently,1,4,4,91,3,1,1,5,No,14,3,10,2,3,4,3,1,3,No
32,Technical Degree,Research & Development,Research Scientist,Travel_Rarely,2,3,4,78,3,1,1,1,No,14,4,4,4,3,4,2,1,2,No
27,Life Sciences,Research & Development,Manager R&D,Travel_Frequently,5,2,4,53,3,1,4,0,Yes,14,3,6,3,2,5,4,0,2,No
25,Medical,Sales,Sales Representative,Travel_Rarely,13,1,2,40,3,1,3,1,No,11,3,7,1,3,7,4,0,6,No
39,Medical,Development,Developer,Travel_Rarely,10,1,3,99,3,4,1,1,Yes,14,4,21,3,3,21,9,11,10,No
25,Medical,Development,Developer,Travel_Rarely,2,1,1,65,4,1,1,7,No,13,3,6,3,2,4,3,0,1,No
33,Life Sciences,Research & Development,Healthcare Representative,Travel_Rarely,8,5,4,69,3,2,3,2,Yes,17,1,14,6,3,0,0,0,0,No
41,Marketing,Sales,Sales Executive,Travel_Frequently,4,3,1,56,3,2,2,1,No,18,3,8,5,3,8,7,7,7,Yes
38,Life Sciences,Sales,Sales Executive,Travel_Rarely,1,4,1,59,2,2,4,4,No,22,3,12,2,4,8,3,0,7,No
35,Life Sciences,Development,Technical Architect,Travel_Rarely,8,1,4,36,4,1,4,1,No,19,4,1,2,3,1,0,0,1,No
48,Life Sciences,Research & Development,Manufacturing Director,Travel_Rarely,4,3,4,54,3,3,4,1,No,11,3,11,2,3,10,9,0,8,No
40,Life Sciences,Sales,Sales Executive,Non-Travel,24,3,2,100,4,4,2,4,Yes,16,4,22,2,2,1,0,0,0,Yes
33,Marketing,Sales,Sales Executive,Travel_Rarely,9,4,1,77,3,2,1,0,Yes,17,1,6,3,3,5,2,0,3,Yes
53,Marketing,Sales,Sales Representative,Travel_Rarely,6,2,2,34,3,2,3,2,Yes,20,4,13,3,1,7,7,4,5,No
42,Life Sciences,Research & Development,Healthcare Representative,Travel_Frequently,2,3,4,40,3,3,4,2,Yes,14,3,24,3,1,20,8,13,9,No
31,Life Sciences,Research & Development,Manufacturing Director,Travel_Frequently,1,1,3,96,3,2,1,1,No,12,3,4,1,3,4,3,0,3,No
35,Marketing,Sales,Sales Executive,Travel_Rarely,16,3,3,96,3,3,2,0,No,15,3,12,3,2,11,9,6,9,No
28,Medical,Research & Development,Laboratory Technician,Travel_Frequently,2,2,3,38,2,1,1,7,No,11,3,8,2,2,0,0,0,0,Yes
25,Life Sciences,Finance,Finance Manager,Travel_Frequently,2,1,4,77,4,2,3,1,No,17,3,7,6,3,7,7,0,7,No
19,Marketing,Sales,Sales Representative,Travel_Rarely,22,1,4,50,3,1,3,1,Yes,19,4,0,2,2,0,0,0,0,Yes
42,Medical,Development,Senior Developer,Travel_Frequently,2,1,2,35,3,1,4,5,Yes,14,4,8,2,3,2,1,2,2,No
30,Medical,Development,Developer,Travel_Frequently,1,2,3,58,3,2,4,1,No,23,4,12,2,3,12,8,3,7,No
43,Medical,Development,Technical Architect,Travel_Rarely,2,2,4,72,4,1,3,1,No,12,4,6,3,2,5,3,1,4,No
44,Life Sciences,Development,Developer,Travel_Rarely,9,2,2,61,3,1,1,1,Yes,13,4,8,0,3,8,7,7,1,No
29,Marketing,Sales,Sales Executive,Travel_Rarely,27,3,2,35,3,3,4,1,No,22,4,10,3,2,10,4,1,9,Yes
52,Life Sciences,Sales,Manager,Non-Travel,2,4,1,79,2,5,3,1,Yes,18,4,33,2,4,33,7,15,12,No
37,Life Sciences,Development,Business Analyst,Travel_Rarely,1,4,1,51,2,2,3,1,No,18,3,7,2,4,7,5,0,7,No
22,Medical,Development,Developer,Travel_Rarely,15,3,2,59,3,1,4,1,No,15,3,1,5,3,0,0,0,0,No
28,Life Sciences,Research & Development,Research Scientist,Travel_Frequently,6,3,3,39,2,1,3,1,Yes,14,4,3,2,3,3,1,0,2,No
23,Medical,Development,Developer,Travel_Rarely,10,1,1,79,4,1,3,1,No,18,4,2,3,3,2,2,0,2,No
31,Life Sciences,Development,Developer,Travel_Rarely,9,4,3,42,2,1,2,0,Yes,16,4,3,5,3,2,2,2,2,No
55,Human Resources,Human Resources,Manager,Travel_Rarely,26,4,3,71,4,5,2,4,Yes,18,1,35,0,3,10,9,1,4,No
44,Medical,Research & Development,Research Scientist,Travel_Frequently,1,2,3,99,3,1,2,1,Yes,12,3,6,2,2,5,3,2,3,Yes
34,Medical,Research & Development,Research Scientist,Travel_Rarely,7,4,1,35,3,1,4,1,No,13,3,1,4,1,1,0,0,0,No
21,Other,Data Science,Data Scientist,Travel_Rarely,18,1,4,65,3,1,4,1,No,19,1,1,3,2,1,0,0,0,Yes
34,Life Sciences,Research & Development,Healthcare Representative,Travel_Frequently,3,1,1,45,3,2,4,0,No,17,3,7,1,2,6,2,0,4,No
37,Life Sciences,Development,Business Analyst,Non-Travel,2,2,3,100,2,2,4,5,No,14,4,17,2,4,1,0,0,0,No
35,Life Sciences,Research & Development,Manufacturing Director,Travel_Rarely,2,3,3,44,2,3,2,2,No,18,2,15,2,4,7,7,6,4,No
34,Life Sciences,Sales,Sales Executive,Travel_Rarely,3,2,4,32,1,2,4,5,No,12,1,6,3,3,2,2,2,2,No
40,Medical,Development,Developer,Travel_Frequently,2,2,3,38,4,2,2,1,No,24,4,8,2,3,8,7,3,7,No
56,Life Sciences,Human Resources,Manager,Travel_Rarely,8,4,4,99,3,5,2,6,No,14,1,36,4,3,7,3,7,7,No
38,Life Sciences,Research & Development,Manager R&D,Travel_Rarely,9,2,2,71,3,1,4,2,No,19,4,10,0,4,5,2,0,3,No
36,Life Sciences,Research & Development,Manufacturing Director,Non-Travel,18,4,1,78,3,2,4,2,No,20,1,18,0,3,11,9,0,9,No
42,Medical,Development,Developer,Travel_Frequently,19,3,3,57,4,1,3,6,Yes,12,4,7,2,3,2,2,2,2,Yes
35,Life Sciences,Development,Developer,Travel_Frequently,25,4,4,96,3,1,2,1,Yes,19,1,10,3,2,10,2,7,8,Yes
36,Life Sciences,Sales,Sales Executive,Travel_Rarely,1,4,2,73,3,2,3,6,No,13,1,15,5,3,1,0,0,0,No
36,Medical,Sales,Sales Executive,Travel_Rarely,3,3,1,94,2,3,4,0,No,19,3,10,2,3,9,7,3,4,No
34,Technical Degree,Research & Development,Research Scientist,Non-Travel,16,4,4,85,1,1,1,1,Yes,23,2,5,2,3,5,2,3,0,Yes
25,Medical,Development,Business Analyst,Travel_Rarely,7,1,4,64,2,1,4,1,No,11,3,2,2,3,2,2,2,1,No
40,Medical,Research & Development,Manager R&D,Travel_Rarely,2,1,2,89,4,2,3,5,No,20,2,15,0,3,12,11,11,8,No
53,Medical,Development,Technical Lead,Travel_Rarely,13,2,4,57,4,2,1,1,No,11,3,5,3,3,4,2,1,3,No
56,Life Sciences,Research & Development,Healthcare Representative,Non-Travel,1,4,3,57,3,2,3,1,No,21,1,13,2,2,13,12,1,9,No
42,Marketing,Sales,Sales Executive,Travel_Rarely,4,4,2,45,3,2,1,7,No,13,4,9,3,4,6,4,1,5,No
41,Marketing,Sales,Sales Representative,Travel_Rarely,20,2,2,70,3,1,2,1,Yes,22,4,4,5,2,4,3,0,2,Yes
54,Medical,Research & Development,Manager R&D,Travel_Frequently,11,4,2,87,3,4,4,3,No,20,1,26,2,3,14,9,1,12,No
42,Life Sciences,Development,Developer,Travel_Frequently,29,2,1,92,3,2,3,2,No,11,2,19,3,3,5,4,0,2,No
38,Life Sciences,Development,Developer,Travel_Rarely,1,3,3,81,3,3,3,4,Yes,14,4,10,4,4,1,0,0,0,No
34,Life Sciences,Development,Technical Lead,Travel_Frequently,2,1,4,45,2,2,3,1,No,17,3,10,2,2,10,9,1,9,No
44,Medical,Research & Development,Manager R&D,Travel_Frequently,2,1,2,86,3,3,3,5,Yes,18,2,16,2,2,2,2,2,2,No
31,Life Sciences,Sales,Sales Executive,Non-Travel,2,4,4,57,3,3,3,1,Yes,19,1,10,5,2,10,8,9,6,No
36,Life Sciences,Finance,Finance Manager,Travel_Rarely,12,4,3,76,3,2,3,9,Yes,12,2,7,2,3,3,2,1,1,No
29,Life Sciences,Development,Delivery Manager,Travel_Rarely,23,3,4,54,3,1,4,9,No,16,4,6,4,3,3,2,1,2,No
40,Other,Research & Development,Laboratory Technician,Non-Travel,9,4,3,81,3,2,3,3,No,11,3,11,2,4,8,7,0,7,No
54,Life Sciences,Research & Development,Research Director,Travel_Rarely,3,3,4,85,3,4,4,3,No,14,1,36,2,3,10,9,0,9,No
56,Technical Degree,Research & Development,Laboratory Technician,Travel_Rarely,7,2,4,72,3,1,3,8,No,11,4,14,4,1,10,9,9,8,Yes
21,Technical Degree,Sales,Sales Representative,Travel_Rarely,22,1,3,49,3,1,3,1,No,11,3,3,2,3,3,2,1,2,No
38,Life Sciences,Sales,Sales Executive,Travel_Rarely,10,2,1,100,3,2,4,1,No,11,3,10,1,3,10,7,1,9,No
32,Life Sciences,Development,Technical Lead,Travel_Frequently,7,3,2,100,4,1,2,1,No,20,3,5,3,1,5,1,0,3,No
32,Marketing,Sales,Sales Executive,Travel_Frequently,10,4,4,79,3,2,4,8,No,13,3,4,2,4,0,0,0,0,No
50,Medical,Development,Developer,Travel_Rarely,7,2,2,43,2,5,3,5,Yes,12,4,29,2,2,27,3,13,8,No
42,Medical,Sales,Sales Executive,Travel_Rarely,14,2,3,68,2,2,3,7,No,17,1,10,6,3,5,4,0,3,No
22,Technical Degree,Development,Developer,Travel_Rarely,2,1,3,100,3,1,4,0,No,14,3,3,2,3,2,1,2,1,No
34,Technical Degree,Sales,Sales Executive,Travel_Rarely,1,3,4,64,2,3,3,1,Yes,14,4,10,3,3,10,9,8,6,No
35,Life Sciences,Finance,Finance Manager,Travel_Rarely,18,5,2,48,4,2,1,1,No,11,4,16,2,3,16,15,1,10,No
26,Technical Degree,Sales,Sales Executive,Travel_Rarely,8,3,4,38,2,2,1,6,No,17,3,6,2,2,4,3,1,2,Yes
27,Medical,Sales,Sales Representative,Travel_Rarely,23,1,2,36,2,2,3,1,No,21,4,9,5,3,9,8,5,8,No
36,Life Sciences,Research & Development,Laboratory Technician,Travel_Rarely,4,4,1,37,2,2,4,1,No,16,3,10,2,2,10,4,1,8,No
34,Marketing,Sales,Sales Representative,Travel_Frequently,2,4,3,75,3,1,3,6,No,18,4,6,3,3,4,3,1,2,No
32,Marketing,Sales,Sales Executive,Travel_Rarely,10,3,4,55,3,2,4,1,No,12,4,10,2,2,10,7,0,8,No
29,Life Sciences,Development,Developer,Travel_Rarely,10,3,4,92,2,1,1,6,Yes,20,3,3,5,3,0,0,0,0,Yes
57,Life Sciences,Research & Development,Research Scientist,Travel_Rarely,1,2,2,93,4,2,3,0,No,24,1,13,2,2,12,9,2,8,No
38,Marketing,Sales,Sales Representative,Travel_Rarely,2,4,2,77,1,2,4,2,Yes,20,1,20,4,2,4,2,0,3,No
22,Life Sciences,Development,Senior Developer,Travel_Rarely,1,2,4,33,2,2,4,6,No,22,1,4,2,1,2,2,2,2,No
31,Medical,Development,Developer,Non-Travel,9,2,3,46,2,1,1,0,Yes,22,1,4,0,3,3,2,1,2,Yes
53,Medical,Research & Development,Manufacturing Director,Non-Travel,1,4,1,60,2,4,3,4,Yes,20,4,27,2,2,3,2,0,2,No
34,Other,Sales,Sales Executive,Travel_Rarely,3,3,4,81,1,2,1,3,No,18,4,15,2,3,13,9,3,12,No
33,Life Sciences,Sales,Sales Executive,Travel_Rarely,8,4,1,46,3,2,1,2,No,13,4,8,6,1,2,2,2,2,No
34,Life Sciences,Research & Development,Research Scientist,Non-Travel,3,4,3,40,2,1,4,3,No,17,4,6,2,3,0,0,0,0,No
38,Life Sciences,Development,Developer,Travel_Rarely,23,4,4,82,3,2,4,9,No,14,2,10,2,3,2,2,1,2,No
38,Technical Degree,Development,Technical Lead,Travel_Rarely,29,3,4,54,3,2,4,3,No,18,1,9,3,1,7,7,1,7,No
40,Medical,Sales,Manager,Travel_Rarely,7,4,2,88,3,5,2,1,No,14,2,21,3,2,21,8,12,8,No
47,Other,Development,Developer,Travel_Rarely,2,2,3,33,3,4,4,1,Yes,11,3,26,3,2,26,14,3,0,No
31,Medical,Human Resources,Human Resources,Travel_Rarely,8,2,4,96,4,1,2,9,No,18,4,8,3,3,3,2,0,2,No
45,Technical Degree,Research & Development,Manager R&D,Travel_Rarely,28,2,4,48,2,4,2,1,No,11,3,21,2,3,21,6,8,6,No
55,Life Sciences,Sales,Manager,Travel_Rarely,18,5,1,83,3,4,2,3,No,23,4,37,2,3,10,9,7,7,No
28,Technical Degree,Research & Development,Manager R&D,Travel_Rarely,17,3,3,32,2,1,4,5,No,12,1,6,2,2,4,1,0,3,Yes
44,Medical,Development,Developer,Non-Travel,23,3,2,67,3,2,2,4,No,12,3,17,3,4,3,2,1,2,No
34,Life Sciences,Development,Developer,Travel_Rarely,8,5,2,32,3,2,1,3,No,14,3,7,3,3,0,0,0,0,No
38,Life Sciences,Development,Developer,Travel_Rarely,2,3,4,45,3,1,4,5,Yes,11,3,6,3,3,3,2,1,2,No
28,Life Sciences,Research & Development,Manager R&D,Travel_Rarely,29,1,3,96,1,2,2,1,No,14,2,8,2,2,8,6,1,7,No
42,Marketing,Sales,Sales Executive,Travel_Rarely,8,4,3,48,3,2,2,0,No,11,4,10,2,3,9,7,4,2,No
30,Technical Degree,Research & Development,Research Scientist,Non-Travel,7,3,3,64,3,1,3,1,No,13,2,1,2,2,1,0,0,0,No
20,Technical Degree,Development,Developer,Travel_Rarely,4,3,1,84,3,1,1,1,No,19,2,1,2,3,1,0,0,0,Yes
51,Marketing,Sales,Manager,Travel_Rarely,26,4,1,66,3,4,3,2,No,14,3,29,2,2,20,6,4,17,No
31,Other,Sales,Sales Executive,Travel_Frequently,2,4,4,54,3,2,1,7,No,13,4,10,3,3,5,2,0,3,No
45,Technical Degree,Research & Development,Manager R&D,Travel_Rarely,29,3,2,55,3,3,4,4,Yes,18,4,10,4,4,3,1,1,2,No
41,Life Sciences,Sales,Sales Executive,Travel_Rarely,3,3,3,57,2,2,2,2,No,11,3,14,5,3,5,4,0,4,No
53,Medical,Sales,Manager,Travel_Rarely,2,2,3,45,3,4,3,6,No,13,3,22,3,4,17,13,15,2,No
32,Medical,Development,Developer,Travel_Rarely,8,2,3,91,4,2,3,5,No,12,3,9,3,2,5,3,1,3,No
35,Other,Development,Developer,Travel_Rarely,4,2,3,75,3,1,4,1,No,12,3,1,3,3,1,0,0,0,No
28,Medical,Finance,Finance Manager,Travel_Rarely,27,3,2,39,1,2,1,0,No,21,2,6,5,2,5,3,0,0,No
29,Medical,Sales,Sales Executive,Travel_Rarely,5,3,1,43,2,2,2,1,Yes,13,2,10,3,2,10,0,0,9,No
39,Life Sciences,Research & Development,Laboratory Technician,Non-Travel,9,3,3,70,3,2,2,9,No,15,3,9,2,2,5,4,0,3,No
28,Medical,Sales,Sales Executive,Non-Travel,4,3,2,43,3,2,3,1,No,15,2,5,3,4,5,4,0,4,No
28,Life Sciences,Research & Development,Laboratory Technician,Travel_Frequently,2,3,4,52,2,1,4,1,Yes,12,2,2,2,3,2,2,2,2,No
50,Life Sciences,Development,Business Analyst,Travel_Frequently,1,3,1,73,3,5,2,3,Yes,19,1,28,1,2,8,3,0,7,No
51,Technical Degree,Research & Development,Manager R&D,Travel_Rarely,11,2,4,82,2,4,2,3,No,16,2,29,1,2,5,2,0,3,No
21,Technical Degree,Sales,Sales Representative,Travel_Frequently,1,1,1,99,2,1,2,1,Yes,11,3,3,3,3,3,2,1,2,Yes
43,Medical,Development,Senior Developer,Travel_Frequently,9,5,4,72,3,2,3,3,Yes,13,2,10,3,3,8,7,4,7,No
18,Medical,Sales,Sales Representative,Travel_Rarely,10,3,4,69,2,1,3,1,No,12,1,0,2,3,0,0,0,0,No
42,Medical,Development,Developer,Travel_Rarely,24,3,4,56,3,3,1,1,Yes,21,4,10,5,2,10,9,5,8,No
52,Life Sciences,Development,Technical Lead,Travel_Rarely,2,3,3,89,2,1,4,7,No,15,2,6,3,2,2,2,2,2,No
45,Life Sciences,Research & Development,Manufacturing Director,Travel_Rarely,25,2,2,93,2,2,4,0,No,13,4,10,2,2,9,8,3,8,No
40,Medical,Development,Developer,Travel_Rarely,2,1,4,86,2,1,4,0,Yes,20,4,5,2,2,4,2,2,3,No
48,Life Sciences,Research & Development,Senior Manager R&D,Travel_Rarely,4,4,3,78,2,3,3,7,No,14,2,27,3,3,15,11,4,8,No
46,Medical,Development,Senior Developer,Travel_Frequently,18,1,1,86,3,3,3,5,No,11,4,28,3,2,2,2,1,2,No
54,Technical Degree,Research & Development,Senior Manager R&D,Travel_Rarely,17,3,3,56,3,3,3,8,No,11,3,22,2,3,10,7,0,8,No
27,Life Sciences,Development,Technical Lead,Travel_Rarely,5,3,3,85,3,1,2,1,Yes,12,2,4,2,2,4,3,1,2,No
35,Medical,Development,Business Analyst,Travel_Rarely,1,3,2,30,2,1,3,1,No,18,1,6,3,3,6,4,0,4,No
27,Life Sciences,Development,Technical Architect,Travel_Rarely,2,4,4,33,3,1,1,1,No,13,4,1,6,3,1,0,0,0,No
32,Medical,Sales,Sales Representative,Travel_Rarely,1,4,2,68,2,1,2,0,No,14,2,3,2,3,2,2,2,2,No
28,Medical,Finance,Finance Manager,Travel_Rarely,24,3,3,51,3,1,2,1,Yes,17,3,1,3,3,1,1,0,0,Yes
37,Other,Development,Developer,Travel_Frequently,11,3,2,47,3,3,4,1,Yes,14,3,10,1,3,10,8,0,7,No
36,Life Sciences,Development,Technical Lead,Non-Travel,24,4,2,47,3,2,2,7,No,15,3,11,3,3,9,8,0,8,No
39,Life Sciences,Sales,Sales Executive,Travel_Rarely,21,4,1,44,2,2,4,3,Yes,12,4,8,2,4,5,4,1,4,No
33,Marketing,Sales,Sales Executive,Travel_Frequently,10,3,2,46,2,2,4,3,No,14,3,9,6,2,7,7,0,1,No
32,Marketing,Sales,Sales Executive,Travel_Rarely,2,4,3,82,2,2,2,7,Yes,12,3,7,3,2,2,2,2,2,Yes
54,Medical,Research & Development,Research Director,Travel_Rarely,1,3,4,54,3,4,4,6,No,19,4,29,3,2,20,7,12,7,No
30,Human Resources,Human Resources,Human Resources,Travel_Rarely,9,3,3,48,3,2,4,0,Yes,19,4,12,2,1,11,9,4,7,No
24,Technical Degree,Sales,Sales Representative,Travel_Rarely,1,1,1,62,3,1,2,1,Yes,16,2,6,4,3,5,3,1,4,Yes
29,Technical Degree,Development,Developer,Travel_Rarely,1,3,3,85,3,1,3,0,No,14,4,7,1,2,6,2,1,5,Yes
21,Life Sciences,Sales,Sales Representative,Travel_Rarely,12,3,3,90,4,1,2,1,No,15,4,1,0,3,1,0,0,0,Yes
34,Medical,Development,Business Analyst,Travel_Rarely,1,2,1,94,3,2,2,1,No,15,3,5,2,3,5,2,1,3,No
31,Life Sciences,Development,Developer,Travel_Rarely,1,2,4,98,2,1,1,1,No,12,3,4,3,3,4,2,3,2,No
35,Medical,Research & Development,Research Scientist,Travel_Rarely,9,4,2,48,3,2,3,1,No,19,2,10,5,3,10,7,0,8,No
38,Medical,Research & Development,Laboratory Technician,Travel_Frequently,2,2,3,75,2,1,2,4,No,14,2,9,4,2,6,1,0,5,No
29,Technical Degree,Development,Developer,Travel_Rarely,25,5,3,71,2,1,2,5,No,16,2,6,2,4,2,2,1,1,Yes
40,Marketing,Sales,Sales Executive,Travel_Rarely,2,2,2,92,3,2,2,3,No,14,3,15,4,3,11,8,5,10,No
50,Medical,Development,Developer,Travel_Rarely,2,3,3,64,3,4,3,5,No,16,4,30,3,3,4,3,0,3,No
32,Life Sciences,Development,Developer,Travel_Rarely,9,4,1,92,3,2,4,1,Yes,12,4,6,2,2,6,4,0,5,No
29,Life Sciences,Sales,Sales Executive,Non-Travel,2,3,4,61,3,2,3,1,No,14,1,4,3,2,4,3,0,2,No
32,Life Sciences,Development,Senior Developer,Non-Travel,1,3,3,70,2,1,2,6,No,20,3,5,3,3,3,0,0,2,No
43,Life Sciences,Development,Developer,Travel_Frequently,10,4,3,33,3,1,4,0,No,19,1,9,5,3,8,7,1,7,No
26,Medical,Research & Development,Laboratory Technician,Travel_Rarely,1,2,1,59,2,1,1,1,No,16,1,6,2,3,5,3,1,3,No
29,Life Sciences,Sales,Sales Executive,Travel_Rarely,19,3,3,77,2,2,3,1,No,14,3,10,3,3,10,7,0,4,No
18,Life Sciences,Development,Developer,Travel_Rarely,3,3,3,54,3,1,3,1,No,13,3,0,2,3,0,0,0,0,Yes
49,Life Sciences,Development,Senior Developer,Travel_Rarely,18,4,4,58,2,5,3,1,Yes,17,3,31,5,3,31,9,0,9,No
40,Life Sciences,Sales,Manager,Travel_Rarely,2,4,3,79,3,5,3,0,No,14,4,21,2,3,20,15,1,12,No
43,Marketing,Sales,Manager,Travel_Rarely,16,3,4,80,3,4,4,5,Yes,22,3,22,3,3,17,13,1,9,No
28,Medical,Sales,Sales Representative,Travel_Rarely,3,3,2,78,3,1,2,1,No,19,4,1,3,3,1,0,0,0,No
29,Technical Degree,Development,Technical Lead,Non-Travel,1,1,4,41,3,2,3,1,No,13,1,10,1,3,10,7,0,9,No
45,Medical,Human Resources,Human Resources,Travel_Rarely,24,4,2,36,3,1,2,1,No,16,1,6,3,3,6,3,0,4,No
35,Life Sciences,Development,Senior Developer,Travel_Rarely,6,4,2,82,1,2,4,1,No,13,2,17,3,3,17,11,11,8,No
41,Medical,Sales,Sales Executive,Non-Travel,10,2,3,40,1,2,2,1,No,13,1,19,4,3,19,2,11,9,No
33,Medical,Sales,Sales Executive,Travel_Rarely,2,4,4,93,3,2,4,1,No,14,3,6,5,3,6,2,0,4,No
30,Medical,Research & Development,Laboratory Technician,Travel_Rarely,1,2,4,76,3,1,2,1,No,13,3,12,6,2,12,8,1,7,No
32,Medical,Development,Technical Lead,Travel_Rarely,2,4,1,74,4,2,4,7,No,16,3,10,0,2,7,7,0,7,No
30,Life Sciences,Development,Senior Developer,Travel_Rarely,24,1,4,67,3,1,3,1,No,22,2,1,2,3,1,0,0,0,No
18,Life Sciences,Research & Development,Manager R&D,Non-Travel,1,3,4,97,3,1,4,1,No,15,3,0,5,4,0,0,0,0,No
23,Life Sciences,Research & Development,Research Scientist,Travel_Rarely,1,2,4,47,3,1,3,1,No,22,4,1,2,3,1,0,0,1,No
25,Technical Degree,Research & Development,Laboratory Technician,Travel_Rarely,1,3,1,81,3,1,4,4,No,11,2,7,2,2,3,2,0,2,No
33,Life Sciences,Sales,Sales Representative,Non-Travel,8,1,2,88,2,1,4,0,No,19,4,3,2,2,2,2,2,2,No
29,Medical,Research & Development,Laboratory Technician,Travel_Frequently,20,1,4,40,3,1,4,1,No,13,2,11,3,4,11,8,3,10,No
25,Life Sciences,Development,Developer,Non-Travel,5,2,2,85,4,2,1,1,No,12,4,6,2,3,6,3,1,5,No
25,Life Sciences,Sales,Sales Executive,Travel_Rarely,18,1,1,93,4,2,3,2,No,11,2,6,3,2,3,2,1,2,No
43,Life Sciences,Finance,Finance Manager,Travel_Rarely,15,2,3,65,2,4,3,1,No,24,1,14,3,3,14,10,6,11,No
32,Life Sciences,Research & Development,Manager R&D,Travel_Rarely,5,4,4,56,2,2,4,8,No,24,2,8,1,3,1,0,0,0,No
56,Life Sciences,Research & Development,Manager R&D,Travel_Rarely,23,3,4,68,3,4,2,4,Yes,12,1,33,0,3,19,16,15,9,No
37,Medical,Development,Technical Lead,Travel_Rarely,1,2,3,83,2,1,1,2,No,14,1,17,2,2,3,1,0,2,No
26,Medical,Development,Developer,Travel_Frequently,5,2,3,88,2,1,3,1,Yes,14,1,8,2,3,8,7,1,7,Yes
26,Medical,Research & Development,Laboratory Technician,Travel_Rarely,1,3,3,95,3,1,1,0,No,13,4,8,6,2,7,7,7,6,No
19,Medical,Development,Technical Lead,Travel_Rarely,3,1,2,79,3,1,2,1,No,14,4,1,3,3,1,0,0,0,No
31,Medical,Sales,Sales Executive,Travel_Rarely,6,4,1,66,4,2,4,4,No,22,4,13,4,4,7,7,5,7,No
40,Marketing,Sales,Sales Executive,Travel_Rarely,22,2,3,68,2,2,3,2,Yes,12,1,8,6,3,6,4,1,0,Yes
26,Other,Sales,Sales Representative,Travel_Rarely,5,3,4,30,2,1,3,0,No,18,4,5,2,3,4,2,0,0,No
36,Marketing,Sales,Sales Executive,Travel_Rarely,11,4,2,100,2,2,4,4,No,13,1,8,2,2,6,3,0,0,No
52,Life Sciences,Development,Senior Developer,Travel_Rarely,11,4,4,82,3,2,3,8,No,20,2,9,3,3,5,2,1,4,No
28,Life Sciences,Development,Developer,Travel_Rarely,24,3,3,50,2,1,3,5,Yes,14,2,6,4,3,4,2,0,3,Yes
28,Medical,Development,Technical Lead,Travel_Rarely,9,3,4,94,3,1,4,1,No,23,4,5,3,2,5,2,0,4,No
49,Technical Degree,Data Science,Data Scientist,Travel_Rarely,1,3,3,36,3,1,1,2,No,16,2,7,2,3,4,2,0,2,No
41,Human Resources,Human Resources,Manager,Travel_Rarely,10,4,2,73,2,5,4,3,No,15,2,23,2,2,21,6,12,6,No
28,Technical Degree,Research & Development,Research Scientist,Travel_Rarely,1,3,4,84,3,1,1,2,No,11,2,5,2,2,3,2,1,2,No
45,Life Sciences,Development,Technical Lead,Travel_Frequently,7,3,1,97,3,3,1,1,No,18,1,24,2,3,24,9,9,11,No
32,Medical,Research & Development,Manager,Travel_Rarely,10,3,3,64,3,3,4,2,No,25,2,10,5,4,5,2,0,0,No
35,Other,Research & Development,Laboratory Technician,Travel_Frequently,4,4,4,47,2,1,4,1,No,13,2,2,2,4,2,2,2,2,No
54,Medical,Finance,Finance Manager,Travel_Rarely,22,5,2,91,3,4,3,3,No,25,3,36,6,3,10,8,4,7,No
40,Life Sciences,Finance,Finance Manager,Travel_Rarely,16,3,3,84,3,3,4,6,Yes,15,4,18,2,2,4,2,3,3,No
44,Marketing,Sales,Sales Executive,Travel_Frequently,1,5,1,79,3,2,3,7,No,12,3,11,4,2,1,0,0,0,No
39,Marketing,Sales,Sales Executive,Travel_Rarely,15,4,2,77,3,4,1,0,No,12,1,21,3,3,20,8,11,10,No
46,Technical Degree,Sales,Sales Executive,Travel_Rarely,3,3,1,45,4,4,1,2,No,12,4,25,5,3,19,17,2,8,No
49,Life Sciences,Research & Development,Manager R&D,Travel_Frequently,2,1,2,42,3,5,4,3,No,15,4,28,3,3,5,4,4,3,No
36,Medical,Development,Developer,Travel_Rarely,2,4,3,79,3,1,3,4,No,21,3,16,6,3,11,8,3,9,No
44,Life Sciences,Research & Development,Manager R&D,Travel_Rarely,2,1,1,72,4,1,4,1,No,13,4,10,5,3,10,5,7,7,No
26,Marketing,Sales,Sales Executive,Travel_Rarely,4,4,4,48,2,2,4,1,Yes,12,2,8,0,3,8,7,7,4,Yes
51,Life Sciences,Development,Developer,Travel_Rarely,6,3,1,51,3,5,3,7,No,13,3,23,5,3,20,18,15,15,No
40,Life Sciences,Research & Development,Manager R&D,Travel_Rarely,1,4,1,98,3,4,1,2,No,11,1,22,3,3,19,7,11,16,No
37,Marketing,Sales,Sales Executive,Travel_Rarely,16,4,4,66,2,2,3,4,No,19,4,9,2,3,1,0,0,0,No
37,Medical,Finance,Finance Manager,Travel_Rarely,10,3,2,71,3,1,2,1,No,11,1,8,2,1,8,4,7,7,No
29,Technical Degree,Research & Development,Laboratory Technician,Travel_Rarely,7,3,2,39,3,1,3,3,Yes,13,1,10,2,3,7,7,7,7,Yes
31,Life Sciences,Development,Senior Developer,Travel_Rarely,11,4,4,48,3,1,4,3,Yes,19,2,8,2,3,6,4,0,2,No
36,Technical Degree,Research & Development,Manufacturing Director,Travel_Rarely,1,3,3,77,1,3,1,2,Yes,21,3,17,2,3,7,7,7,7,No
33,Medical,Development,Developer,Travel_Rarely,1,5,1,95,4,4,3,4,No,19,3,10,2,3,6,1,0,5,No
44,Medical,Human Resources,Human Resources,Travel_Rarely,1,2,2,91,2,3,1,9,No,14,4,24,1,3,20,6,3,6,Yes
48,Marketing,Sales,Sales Executive,Travel_Rarely,2,1,2,56,4,2,2,3,No,12,4,12,3,3,2,2,2,2,No
44,Life Sciences,Research & Development,Manager R&D,Travel_Rarely,20,3,4,49,3,1,2,1,No,13,3,6,3,2,5,2,1,3,No
24,Life Sciences,Research & Development,Laboratory Technician,Travel_Rarely,17,2,4,97,3,1,2,1,No,13,1,1,3,1,1,0,0,0,Yes
39,Medical,Research & Development,Healthcare Representative,Travel_Rarely,6,1,4,42,2,3,1,4,No,15,1,9,5,3,7,7,1,7,No
35,Medical,Research & Development,Laboratory Technician,Travel_Rarely,23,4,2,91,1,1,3,0,No,16,2,6,2,4,5,4,0,3,No
40,Medical,Development,Developer,Travel_Rarely,4,1,4,46,3,5,3,1,No,14,2,21,2,3,20,8,9,9,No
46,Life Sciences,Research & Development,Manufacturing Director,Travel_Rarely,2,2,4,82,3,3,4,3,No,14,3,12,4,2,9,8,4,7,No
55,Life Sciences,Research & Development,Manager R&D,Travel_Frequently,2,1,4,65,3,3,2,3,No,18,2,23,4,3,3,2,1,2,No
24,Life Sciences,Research & Development,Healthcare Representative,Travel_Rarely,1,2,2,45,2,2,3,1,No,12,2,4,2,2,4,3,1,2,No
45,Life Sciences,Development,Developer,Non-Travel,23,2,4,42,3,2,1,1,Yes,15,3,9,2,3,9,8,0,8,No
36,Life Sciences,Sales,Sales Executive,Non-Travel,8,4,1,76,2,3,1,1,No,15,2,10,1,3,10,7,0,9,No
31,Life Sciences,Development,Developer,Travel_Rarely,26,1,1,31,3,1,3,1,No,17,4,5,1,2,5,2,4,3,No
42,Medical,Research & Development,Manager,Travel_Rarely,2,2,4,35,3,4,1,0,No,17,4,23,3,3,22,6,13,7,No
39,Medical,Finance,Finance Manager,Travel_Rarely,12,3,4,66,3,2,2,4,No,21,3,7,3,3,5,4,1,0,No
29,Technical Degree,Research & Development,Research Scientist,Travel_Rarely,1,4,1,100,2,1,1,6,No,13,3,11,2,1,9,7,0,7,Yes
28,Life Sciences,Development,Developer,Travel_Rarely,1,2,1,67,1,1,2,7,Yes,13,4,10,4,3,7,7,3,7,Yes
48,Life Sciences,Research & Development,Manager R&D,Travel_Rarely,10,3,4,91,2,5,2,4,No,12,4,29,3,3,22,10,12,9,No
27,Medical,Development,Developer,Travel_Rarely,7,3,4,55,2,2,1,8,No,19,1,9,2,1,7,6,0,7,No
32,Medical,Research & Development,Senior Manager R&D,Non-Travel,29,4,4,69,3,1,3,9,No,12,2,10,2,3,8,7,7,7,No
42,Medical,Research & Development,Manager R&D,Travel_Rarely,2,3,3,68,2,1,2,4,No,14,2,4,3,3,1,0,0,0,No
27,Life Sciences,Sales,Sales Executive,Travel_Rarely,2,3,4,74,3,2,3,1,Yes,11,1,5,3,3,5,4,0,4,No
23,Medical,Development,Developer,Travel_Rarely,4,3,1,58,4,1,1,2,No,16,1,5,3,4,3,2,0,2,No
50,Medical,Finance,Finance Manager,Travel_Frequently,20,5,2,41,3,4,3,2,Yes,15,3,32,3,3,30,8,12,13,No
27,Life Sciences,Sales,Sales Executive,Travel_Frequently,2,1,4,43,1,2,4,3,No,20,2,8,3,3,6,2,0,0,No
26,Life Sciences,Research & Development,Research Scientist,Travel_Frequently,2,3,1,57,3,1,1,6,Yes,14,2,6,2,3,3,2,1,2,Yes
57,Life Sciences,Development,Developer,Travel_Rarely,24,2,3,83,4,3,4,3,Yes,16,2,12,2,1,5,3,1,4,No
27,Life Sciences,Research & Development,Research Scientist,Travel_Rarely,6,3,4,55,2,1,3,1,No,13,3,4,0,3,4,2,2,2,No
38,Marketing,Sales,Sales Executive,Travel_Rarely,2,2,4,32,3,3,2,7,No,16,3,10,2,3,1,0,0,0,No
24,Medical,Sales,Sales Executive,Travel_Rarely,4,1,4,42,3,2,3,1,Yes,12,3,5,3,3,5,4,0,3,No
40,Marketing,Sales,Sales Executive,Travel_Rarely,4,4,3,67,2,3,4,7,No,11,1,15,2,2,12,11,2,11,No
36,Medical,Development,Developer,Travel_Rarely,9,2,2,48,2,2,2,2,Yes,11,3,13,2,3,3,2,0,2,No
51,Life Sciences,Sales,Manager,Travel_Frequently,9,3,4,83,3,5,2,4,Yes,24,1,31,5,2,29,10,11,10,No
36,Medical,Development,Senior Developer,Travel_Rarely,27,3,3,94,3,2,3,6,No,13,2,17,3,2,7,7,7,7,No
47,Life Sciences,Research & Development,Laboratory Technician,Travel_Rarely,9,4,2,64,3,1,3,4,No,12,3,7,2,3,2,2,2,0,No
18,Marketing,Sales,Sales Representative,Travel_Frequently,5,3,2,69,3,1,2,1,Yes,14,4,0,3,3,0,0,0,0,Yes
28,Medical,Research & Development,Manufacturing Director,Travel_Rarely,3,3,4,93,3,3,2,0,No,17,2,10,3,2,9,7,1,7,No
19,Life Sciences,Development,Developer,Travel_Rarely,2,3,2,47,2,1,4,1,No,22,3,1,3,2,1,0,1,0,Yes
43,Life Sciences,Sales,Sales Executive,Travel_Frequently,2,4,1,92,3,2,4,1,No,20,3,7,5,3,7,7,7,7,No
25,Life Sciences,Development,Developer,Travel_Rarely,1,3,1,62,3,2,3,0,No,12,4,5,3,3,4,2,1,2,No
22,Medical,Development,Senior Developer,Non-Travel,16,2,4,96,4,1,4,1,Yes,13,2,1,2,2,1,0,0,0,No
32,Life Sciences,Development,Developer,Travel_Rarely,1,1,4,71,3,1,1,1,No,13,4,1,2,3,1,0,0,0,No
36,Technical Degree,Sales,Sales Executive,Travel_Rarely,10,4,2,63,2,2,3,1,Yes,13,1,10,4,3,10,9,1,7,No
50,Life Sciences,Development,Developer,Non-Travel,2,4,1,98,3,4,1,1,No,11,4,31,3,3,31,6,14,7,No
52,Life Sciences,Development,Developer,Travel_Rarely,1,4,3,65,2,5,3,0,No,14,1,34,5,3,33,18,11,9,No
51,Marketing,Sales,Sales Executive,Travel_Rarely,21,4,3,71,3,2,4,0,Yes,22,4,11,2,1,10,7,1,0,No
59,Medical,Development,Senior Developer,Travel_Rarely,3,3,3,81,4,1,1,4,Yes,20,1,12,3,2,1,0,0,0,No
44,Life Sciences,Human Resources,Human Resources,Travel_Rarely,1,3,3,44,3,1,4,4,Yes,18,1,8,2,3,2,2,2,2,No
46,Marketing,Sales,Sales Executive,Travel_Rarely,10,3,3,94,2,3,4,2,Yes,19,3,15,3,3,3,2,1,2,No
37,Life Sciences,Sales,Sales Executive,Travel_Rarely,3,3,3,87,3,3,4,2,No,12,1,12,3,3,5,3,1,3,No
47,Medical,Development,Developer,Travel_Rarely,2,2,1,65,3,2,4,5,No,13,3,20,2,3,5,0,0,4,No
34,Medical,Research & Development,Laboratory Technician,Travel_Frequently,19,3,3,46,3,2,2,4,No,13,3,15,2,4,11,8,5,10,No
37,Other,Human Resources,Human Resources,Travel_Rarely,8,2,3,89,3,2,2,2,No,13,3,19,4,2,10,0,4,7,No
52,Life Sciences,Development,Senior Developer,Travel_Rarely,1,2,4,70,3,4,4,2,No,15,2,26,2,2,9,8,7,8,No
43,Other,Development,Developer,Travel_Rarely,6,4,2,50,2,4,4,4,Yes,14,3,21,3,2,1,0,0,0,No
45,Medical,Research & Development,Manager,Travel_Frequently,25,3,2,83,3,5,2,3,No,22,3,22,4,3,0,0,0,0,No
54,Life Sciences,Sales,Sales Executive,Travel_Rarely,2,4,3,41,2,3,3,6,No,11,2,13,4,3,9,4,7,0,No
51,Marketing,Sales,Sales Executive,Travel_Frequently,2,3,2,52,3,3,2,2,No,11,2,14,5,3,4,2,3,2,No
22,Medical,Development,Developer,Travel_Rarely,6,1,1,69,3,1,3,0,No,20,4,3,3,3,2,2,2,2,No
28,Medical,Development,Developer,Travel_Rarely,21,3,3,42,3,1,4,1,No,11,3,5,2,1,5,2,0,2,No
36,Medical,Development,Technical Lead,Travel_Frequently,3,2,4,30,3,1,2,4,No,12,3,13,3,2,8,7,7,2,No
41,Life Sciences,Sales,Manager,Travel_Rarely,2,4,4,88,3,4,2,1,No,19,2,22,2,3,22,10,0,4,No
33,Life Sciences,Research & Development,Laboratory Technician,Travel_Rarely,28,4,2,79,3,2,3,1,Yes,12,2,15,3,3,15,14,5,7,No
46,Life Sciences,Research & Development,Manager R&D,Travel_Rarely,15,2,4,52,3,5,2,5,No,11,1,25,2,3,4,2,0,3,No
58,Life Sciences,Development,Developer,Travel_Frequently,2,1,4,57,2,1,4,9,Yes,14,4,3,3,2,1,0,0,0,Yes
50,Medical,Research & Development,Senior Manager R&D,Travel_Rarely,2,4,2,62,3,5,3,2,Yes,11,4,29,2,2,8,1,7,7,No
31,Medical,Research & Development,Research Director,Non-Travel,10,3,3,40,3,3,3,4,No,20,3,13,2,4,11,7,4,8,No
34,Life Sciences,Development,Developer,Travel_Rarely,1,4,2,72,4,1,4,2,No,16,3,10,2,3,4,2,1,3,No
31,Marketing,Sales,Sales Executive,Travel_Rarely,29,4,1,91,2,2,4,1,No,14,1,13,3,3,12,7,5,7,No
30,Life Sciences,Development,Developer,Travel_Rarely,1,1,4,55,2,2,4,1,Yes,12,3,10,1,2,10,8,3,0,No
52,Life Sciences,Sales,Sales Executive,Travel_Rarely,5,3,2,64,3,3,2,9,Yes,19,3,10,2,2,8,7,7,7,Yes
22,Life Sciences,Research & Development,Laboratory Technician,Travel_Rarely,8,1,2,94,1,1,1,1,No,15,1,4,3,2,4,3,1,1,No
56,Medical,Research & Development,Senior Manager R&D,Travel_Frequently,9,3,1,63,3,1,3,2,No,19,2,18,4,3,5,4,0,3,No
54,Human Resources,Human Resources,Manager,Non-Travel,26,3,4,30,4,4,4,2,Yes,12,3,23,3,3,5,3,4,4,No
53,Marketing,Sales,Sales Executive,Travel_Rarely,7,2,1,78,2,3,4,7,Yes,18,4,35,3,3,5,2,0,4,No
36,Life Sciences,Human Resources,Human Resources,Travel_Rarely,8,3,1,77,2,1,1,0,No,21,3,6,3,3,5,4,0,3,No
58,Technical Degree,Development,Senior Developer,Travel_Rarely,5,3,3,37,2,3,2,2,Yes,13,4,24,3,3,6,0,0,4,No
45,Life Sciences,Sales,Sales Executive,Non-Travel,2,4,3,67,3,2,3,4,No,22,2,10,3,4,8,7,5,7,No
19,Technical Degree,Sales,Sales Representative,Travel_Frequently,1,1,3,100,1,1,1,0,No,21,1,1,5,4,0,0,0,0,Yes
30,Life Sciences,Sales,Sales Executive,Travel_Rarely,16,1,4,96,3,2,3,8,No,15,3,4,2,2,2,1,2,2,No
40,Life Sciences,Research & Development,Manufacturing Director,Travel_Rarely,8,2,2,92,3,2,1,2,Yes,16,2,18,3,3,1,0,0,0,No
42,Technical Degree,Research & Development,Research Scientist,Non-Travel,10,4,3,38,3,1,3,3,No,22,2,10,1,2,6,3,3,3,No
37,Marketing,Sales,Sales Representative,Travel_Frequently,4,4,1,41,3,1,4,4,No,17,3,13,2,3,9,8,5,8,No
40,Medical,Human Resources,Manager,Travel_Rarely,6,2,3,38,3,4,4,1,Yes,21,4,21,2,3,21,7,7,7,No
19,Technical Degree,Human Resources,Human Resources,Travel_Rarely,2,2,1,52,2,1,4,1,No,12,3,1,3,4,1,0,0,0,Yes
55,Life Sciences,Sales,Sales Executive,Travel_Rarely,1,2,1,70,3,3,4,3,No,14,4,24,4,3,1,0,1,0,No
33,Life Sciences,Development,Developer,Travel_Rarely,5,4,3,63,2,1,4,1,No,13,3,2,2,2,2,2,0,2,No
23,Technical Degree,Finance,Finance Manager,Travel_Rarely,10,3,4,45,4,1,3,2,No,16,4,4,2,3,2,2,2,2,No
34,Life Sciences,Sales,Sales Executive,Travel_Rarely,4,3,3,64,3,3,4,2,Yes,13,4,9,3,3,5,3,1,0,No
31,Medical,Research & Development,Manager R&D,Travel_Rarely,2,1,4,59,1,1,4,1,Yes,11,3,1,4,3,1,0,0,0,No
34,Life Sciences,Development,Developer,Travel_Rarely,7,4,1,53,3,3,2,0,No,11,3,13,4,3,12,6,2,11,No
34,Life Sciences,Research & Development,Laboratory Technician,Travel_Rarely,1,3,4,86,2,1,2,5,No,17,1,7,2,2,5,4,0,2,No
46,Life Sciences,Research & Development,Senior Manager R&D,Travel_Rarely,8,4,4,74,2,2,1,8,Yes,23,1,19,2,3,16,13,1,7,No
47,Technical Degree,Research & Development,Manager R&D,Non-Travel,14,4,3,64,3,2,2,8,No,18,3,16,4,4,8,7,1,7,No
36,Life Sciences,Sales,Sales Representative,Travel_Rarely,2,4,3,51,3,2,4,3,No,15,3,17,2,2,13,7,6,7,No
53,Life Sciences,Sales,Sales Executive,Travel_Rarely,24,4,1,66,3,3,1,6,Yes,13,2,15,2,2,2,2,2,2,Yes
38,Life Sciences,Development,Developer,Travel_Frequently,29,5,4,50,3,2,4,1,No,11,4,10,2,3,10,3,9,9,No
27,Medical,Sales,Sales Representative,Travel_Rarely,11,3,3,98,4,1,4,8,No,14,2,5,4,3,1,0,0,0,No
48,Medical,Data Science,Data Scientist,Travel_Rarely,20,4,4,51,3,1,3,4,No,17,1,13,2,2,0,0,0,0,No
49,Marketing,Sales,Sales Executive,Travel_Rarely,11,4,4,80,3,2,4,3,No,12,3,8,1,4,5,1,0,4,No
35,Life Sciences,Sales,Sales Representative,Travel_Rarely,7,1,4,76,3,1,3,1,No,13,1,1,3,3,1,0,0,0,No
30,Life Sciences,Sales,Sales Executive,Travel_Rarely,29,4,3,61,3,2,1,8,No,19,3,8,3,3,4,3,0,3,No
35,Medical,Research & Development,Healthcare Representative,Travel_Rarely,25,4,3,57,3,3,3,1,Yes,11,3,16,3,2,16,10,10,1,No
21,Medical,Sales,Sales Representative,Travel_Rarely,5,1,3,58,3,1,1,1,Yes,11,4,2,6,3,2,2,1,2,No
54,Life Sciences,Research & Development,Research Scientist,Travel_Rarely,9,2,1,67,3,2,3,3,No,11,3,9,6,2,4,3,2,3,No
50,Medical,Sales,Manager,Travel_Rarely,1,4,4,68,3,5,4,3,No,11,3,32,3,2,7,0,0,6,No
26,Life Sciences,Development,Developer,Travel_Rarely,6,3,3,71,3,1,4,1,Yes,13,3,3,2,3,3,2,0,2,No
35,Life Sciences,Finance,Finance Manager,Non-Travel,8,4,3,52,3,2,3,1,No,12,4,15,5,3,14,11,2,9,No
44,Medical,Development,Developer,Travel_Rarely,4,3,4,50,3,2,2,9,No,12,4,10,2,2,5,2,2,3,No
43,Marketing,Sales,Sales Executive,Travel_Rarely,4,4,4,56,2,3,4,3,No,14,4,23,3,4,21,7,15,17,No
27,Technical Degree,Development,Developer,Travel_Rarely,5,1,3,42,2,3,4,1,Yes,16,2,9,3,3,9,8,0,8,No
35,Life Sciences,Development,Developer,Travel_Rarely,23,2,2,50,2,2,3,3,Yes,13,1,8,1,3,1,0,0,1,Yes
44,Other,Development,Technical Architect,Travel_Rarely,10,4,4,41,3,2,4,2,Yes,13,4,9,5,4,4,2,1,3,No
40,Medical,Development,Developer,Travel_Frequently,16,4,1,51,2,2,3,6,No,14,4,10,6,3,1,0,0,0,No
30,Medical,Development,Delivery Manager,Travel_Rarely,28,2,4,64,3,2,4,1,No,13,4,11,2,3,10,8,1,9,No
30,Other,Sales,Sales Executive,Non-Travel,22,4,3,69,3,3,1,0,No,11,3,10,3,3,9,8,7,8,No
38,Human Resources,Human Resources,Human Resources,Travel_Frequently,10,4,3,71,3,2,3,3,No,11,3,10,2,3,6,3,1,2,No
26,Life Sciences,Development,Technical Architect,Travel_Rarely,25,3,1,48,1,1,3,1,No,12,3,1,2,2,1,0,0,1,Yes
27,Life Sciences,Research & Development,Research Scientist,Travel_Rarely,17,4,4,51,3,1,3,1,Yes,13,4,8,2,3,8,2,7,7,Yes
47,Life Sciences,Sales,Sales Executive,Travel_Frequently,27,2,2,77,4,2,3,4,Yes,12,4,8,2,3,5,4,1,3,Yes
53,Medical,Development,Technical Lead,Travel_Rarely,3,4,3,45,3,4,3,3,Yes,16,4,21,5,2,5,3,1,3,No
37,Medical,Development,Delivery Manager,Travel_Rarely,5,2,4,61,3,2,4,7,No,16,3,8,2,2,6,2,0,4,No
56,Life Sciences,Research & Development,Manager R&D,Travel_Rarely,24,2,1,97,3,1,4,1,No,16,4,5,3,3,4,2,1,0,Yes
31,Life Sciences,Sales,Manager,Travel_Rarely,7,3,3,44,2,3,4,9,No,21,3,10,3,2,5,4,0,1,No
25,Life Sciences,Sales,Sales Representative,Travel_Rarely,9,2,1,68,2,1,1,3,No,12,1,6,2,3,3,2,2,2,Yes
38,Medical,Finance,Finance Manager,Travel_Rarely,2,2,4,54,2,3,3,3,Yes,19,4,10,6,4,5,4,0,2,No
55,Life Sciences,Research & Development,Manager R&D,Travel_Rarely,4,4,4,30,3,2,3,0,Yes,16,2,4,2,3,3,2,1,2,No
34,Medical,Sales,Sales Executive,Travel_Rarely,13,4,4,39,3,3,3,1,No,18,3,9,2,2,8,7,1,1,No
39,Life Sciences,Research & Development,Healthcare Representative,Travel_Frequently,2,3,1,84,3,4,4,7,No,11,4,21,4,3,18,7,11,5,Yes
34,Life Sciences,Development,Senior Developer,Travel_Rarely,1,5,2,42,3,1,4,1,No,12,4,10,4,2,10,9,8,8,No
34,Technical Degree,Human Resources,Human Resources,Travel_Rarely,9,4,1,52,3,1,3,1,No,15,4,2,0,3,2,2,2,2,Yes
34,Life Sciences,Sales,Sales Executive,Travel_Rarely,9,1,2,70,3,2,3,1,No,20,1,6,3,2,6,5,1,3,No
33,Medical,Development,Developer,Travel_Rarely,10,1,1,38,1,1,4,7,No,13,1,8,2,3,4,3,1,3,Yes
27,Technical Degree,Development,Developer,Travel_Frequently,1,1,3,60,2,2,1,5,No,19,3,6,1,3,2,2,2,0,No
29,Life Sciences,Development,Developer,Travel_Rarely,1,2,2,36,2,1,1,1,Yes,11,4,1,1,3,1,0,0,0,Yes
32,Life Sciences,Sales,Sales Executive,Travel_Rarely,7,3,4,91,2,2,3,1,No,14,3,13,3,2,13,8,4,8,No
45,Life Sciences,Development,Technical Lead,Travel_Frequently,7,4,1,77,4,2,3,4,No,17,4,9,1,3,3,2,0,2,No
27,Marketing,Sales,Sales Executive,Travel_Rarely,8,4,2,56,3,2,2,1,No,18,1,8,3,3,8,7,0,7,No
49,Medical,Finance,Finance Manager,Travel_Rarely,16,3,4,74,3,1,1,4,Yes,16,2,17,2,2,2,2,2,2,No
38,Life Sciences,Development,Technical Lead,Travel_Rarely,2,4,4,88,3,2,3,9,No,14,2,14,3,3,1,0,0,0,No
41,Life Sciences,Data Science,Data Scientist,Travel_Rarely,19,2,3,36,3,2,1,2,No,16,1,17,2,2,1,0,0,0,No
32,Medical,Sales,Sales Executive,Travel_Rarely,4,4,4,32,1,3,4,1,No,11,3,14,2,2,14,8,9,8,Yes
40,Medical,Development,Developer,Travel_Rarely,2,3,2,78,2,2,3,6,No,22,2,20,3,3,1,0,0,0,No
34,Medical,Sales,Sales Executive,Travel_Rarely,3,1,4,75,2,2,4,3,Yes,12,3,9,3,2,4,2,0,1,No
27,Life Sciences,Research & Development,Manufacturing Director,Travel_Rarely,4,3,2,87,4,2,2,1,Yes,20,2,6,0,3,6,2,0,3,No
23,Technical Degree,Sales,Sales Representative,Travel_Rarely,2,1,3,62,3,1,1,3,No,13,3,3,3,3,0,0,0,0,No
25,Technical Degree,Research & Development,Manager R&D,Travel_Rarely,4,1,4,32,3,1,4,1,Yes,15,2,7,3,4,7,7,5,6,Yes
35,Marketing,Sales,Sales Representative,Travel_Rarely,2,3,4,97,3,1,4,1,No,13,1,2,3,3,2,2,2,2,No
30,Medical,Sales,Sales Representative,Travel_Rarely,9,3,2,89,3,1,4,1,No,13,3,1,3,2,1,0,0,0,Yes
40,Medical,Research & Development,Research Director,Non-Travel,8,1,4,55,2,3,2,2,No,11,3,16,5,3,9,8,4,8,No
27,Medical,Development,Developer,Travel_Rarely,2,1,1,40,3,1,2,9,No,12,4,6,3,3,2,2,2,2,No
36,Life Sciences,Finance,Finance Manager,Travel_Rarely,26,4,1,80,3,2,3,6,No,14,2,10,2,2,3,2,0,2,No
37,Life Sciences,Development,Technical Lead,Travel_Rarely,1,3,4,42,3,1,4,1,No,12,2,17,3,3,17,12,5,7,No
24,Medical,Development,Developer,Travel_Rarely,23,3,2,89,4,1,4,1,Yes,11,2,6,3,3,6,5,1,4,No
20,Life Sciences,Sales,Sales Representative,Travel_Rarely,9,1,4,54,3,1,1,1,No,11,1,2,3,3,2,2,0,2,No
45,Life Sciences,Development,Developer,Non-Travel,4,2,3,57,3,2,2,1,No,12,2,9,5,2,9,7,0,8,No
35,Life Sciences,Research & Development,Research Scientist,Travel_Frequently,4,4,3,87,3,2,3,1,Yes,11,2,9,3,3,9,6,1,1,No
52,Medical,Research & Development,Manufacturing Director,Travel_Frequently,28,2,4,59,4,4,3,2,Yes,11,2,24,3,2,5,3,0,2,No
28,Medical,Research & Development,Laboratory Technician,Travel_Frequently,1,4,4,44,3,1,3,0,Yes,11,3,5,2,2,4,2,0,2,No
54,Marketing,Sales,Sales Executive,Travel_Rarely,3,3,4,52,3,2,1,2,No,14,4,16,4,3,6,2,0,5,No
29,Life Sciences,Research & Development,Manager R&D,Travel_Rarely,7,3,3,82,3,2,4,1,Yes,11,2,6,2,3,6,0,1,0,No
30,Medical,Research & Development,Manufacturing Director,Non-Travel,9,2,3,72,3,2,3,7,Yes,18,3,10,3,3,8,4,1,7,No
54,Medical,Research & Development,Research Scientist,Travel_Rarely,7,4,4,68,3,2,4,4,No,15,2,14,2,2,7,1,1,7,No
29,Life Sciences,Development,Senior Developer,Travel_Rarely,23,2,3,81,4,1,3,1,No,24,3,10,3,3,10,7,0,7,No
35,Life Sciences,Research & Development,Research Scientist,Travel_Frequently,18,4,3,80,3,2,3,1,Yes,14,4,10,2,4,10,2,0,2,No
45,Medical,Research & Development,Manager R&D,Travel_Frequently,1,4,2,44,3,2,3,4,No,12,3,12,3,3,4,2,0,3,No
40,Life Sciences,Sales,Sales Executive,Travel_Frequently,5,4,4,48,2,3,1,5,Yes,21,3,20,2,3,18,13,1,12,No
27,Marketing,Sales,Sales Executive,Non-Travel,1,1,3,73,3,2,2,0,Yes,13,4,6,0,3,5,4,1,4,No
25,Other,Sales,Sales Executive,Travel_Rarely,3,1,3,98,3,2,1,1,Yes,18,4,5,3,3,5,3,0,3,No
18,Medical,Research & Development,Manager R&D,Non-Travel,14,3,2,33,3,1,3,1,No,16,3,0,4,1,0,0,0,0,No
44,Life Sciences,Research & Development,Laboratory Technician,Non-Travel,5,3,3,90,2,1,3,3,No,14,4,7,5,3,5,2,0,3,No
58,Medical,Development,Technical Lead,Travel_Rarely,9,3,2,75,2,1,2,4,Yes,20,2,9,3,2,1,0,0,0,No
27,Other,Finance,Finance Manager,Travel_Rarely,19,3,4,67,2,1,1,1,No,11,1,7,3,3,7,7,0,7,No
28,Life Sciences,Research & Development,Manager R&D,Travel_Rarely,2,1,1,67,2,1,2,0,No,17,1,6,2,1,5,3,0,4,No
43,Life Sciences,Development,Developer,Travel_Frequently,1,3,4,33,3,2,4,4,No,13,2,12,2,2,5,2,2,2,No
34,Life Sciences,Development,Developer,Travel_Rarely,1,2,2,83,2,1,4,1,Yes,13,4,6,3,3,6,5,1,3,No
41,Life Sciences,Sales,Sales Executive,Travel_Rarely,9,1,3,96,3,3,3,3,Yes,13,3,12,2,3,9,7,0,7,No
45,Medical,Research & Development,Manager R&D,Travel_Rarely,20,3,2,95,1,3,1,2,Yes,18,2,24,2,3,7,7,0,7,No
31,Medical,Sales,Sales Executive,Travel_Rarely,10,2,3,86,3,2,4,2,Yes,11,4,8,2,3,5,2,1,4,No
46,Technical Degree,Sales,Manager,Travel_Rarely,2,3,3,75,1,4,2,3,Yes,12,2,28,2,2,7,7,7,7,No
28,Marketing,Sales,Sales Executive,Travel_Rarely,2,4,2,81,3,2,2,1,Yes,20,1,8,2,3,8,7,7,5,No
29,Marketing,Sales,Sales Representative,Travel_Rarely,9,3,2,52,1,1,2,1,No,13,3,2,3,3,2,2,2,2,Yes
41,Medical,Research & Development,Manufacturing Director,Travel_Rarely,7,2,4,42,3,2,3,6,No,14,2,8,6,3,2,2,2,1,No
49,Technical Degree,Sales,Sales Executive,Travel_Rarely,8,4,4,56,2,4,2,6,No,17,2,22,3,3,9,8,2,3,No
31,Life Sciences,Development,Developer,Travel_Frequently,20,3,1,66,3,3,3,3,No,12,1,12,2,3,1,0,0,0,Yes
55,Medical,Research & Development,Healthcare Representative,Travel_Frequently,18,4,3,62,3,2,2,3,Yes,14,4,17,3,3,8,7,6,7,No
40,Medical,Sales,Sales Executive,Travel_Rarely,1,2,2,57,1,2,4,2,Yes,22,3,6,2,2,4,3,0,2,No
26,Life Sciences,Development,Developer,Travel_Frequently,1,2,1,71,1,1,4,3,No,14,1,5,2,3,2,2,2,0,No
32,Other,Research & Development,Laboratory Technician,Travel_Frequently,13,3,3,77,2,1,2,1,No,20,3,2,2,3,2,2,2,2,No
38,Technical Degree,Development,Senior Developer,Travel_Rarely,1,3,4,80,3,3,1,1,No,13,2,15,3,3,15,12,5,11,No
41,Life Sciences,Research & Development,Manufacturing Director,Travel_Rarely,28,4,1,60,2,4,2,0,No,23,3,21,3,3,20,7,0,10,No
31,Life Sciences,Research & Development,Manager R&D,Travel_Frequently,1,5,3,100,4,3,2,1,No,11,1,10,2,3,10,8,4,7,Yes
33,Medical,Development,Developer,Travel_Rarely,7,3,3,49,3,3,3,0,No,11,4,14,3,4,13,9,3,7,No
47,Medical,Sales,Sales Executive,Travel_Frequently,3,3,4,49,3,4,3,9,Yes,12,4,28,2,2,22,2,11,13,No
39,Life Sciences,Sales,Sales Executive,Non-Travel,21,4,1,32,1,2,3,6,No,19,3,10,1,3,3,2,1,2,No
40,Life Sciences,Research & Development,Healthcare Representative,Travel_Rarely,12,3,2,47,3,2,1,2,No,12,2,15,3,3,7,4,7,7,No
43,Medical,Development,Developer,Travel_Frequently,21,3,4,61,3,1,4,7,No,20,1,8,1,3,3,2,1,2,No
30,Human Resources,Human Resources,Human Resources,Travel_Frequently,8,3,3,66,2,1,4,6,No,11,3,6,0,2,4,2,1,2,Yes
42,Life Sciences,Development,Developer,Travel_Rarely,29,3,2,98,3,2,2,1,No,13,4,10,3,2,9,8,7,8,No
34,Medical,Research & Development,Laboratory Technician,Travel_Rarely,8,3,2,82,4,2,3,2,No,12,1,6,3,4,4,3,1,2,No
30,Medical,Development,Developer,Travel_Frequently,3,3,3,71,3,1,3,1,No,20,3,1,2,3,1,0,0,0,No
41,Medical,Research & Development,Manager R&D,Travel_Rarely,5,5,2,90,4,1,3,2,Yes,12,1,7,5,2,4,2,0,3,No
46,Medical,Data Science,Data Scientist,Travel_Rarely,18,3,3,87,3,2,3,2,No,14,3,19,5,2,10,7,0,8,No
50,Marketing,Sales,Sales Executive,Travel_Frequently,12,3,3,77,3,3,4,4,No,11,4,16,3,3,2,2,2,1,No
29,Medical,Research & Development,Research Scientist,Travel_Rarely,28,4,4,73,2,1,1,1,No,14,2,5,3,1,5,4,0,4,No
34,Other,Sales,Sales Executive,Travel_Rarely,2,3,4,60,3,2,4,1,No,22,3,6,5,3,6,5,1,4,No
25,Human Resources,Human Resources,Human Resources,Travel_Rarely,2,3,3,82,3,1,2,4,No,14,3,6,3,3,2,0,1,2,No
58,Medical,Research & Development,Manager R&D,Travel_Rarely,1,3,4,76,3,5,1,3,Yes,21,3,32,3,3,9,8,1,5,No
27,Marketing,Sales,Sales Executive,Travel_Rarely,9,3,4,44,3,2,4,1,No,14,1,7,5,3,7,7,0,7,No
36,Other,Development,Developer,Travel_Rarely,7,4,2,65,3,1,4,2,No,18,3,8,6,3,6,2,0,1,No
27,Human Resources,Human Resources,Human Resources,Travel_Frequently,22,3,1,58,2,1,2,1,No,12,1,1,2,3,1,0,0,0,Yes
39,Medical,Sales,Sales Executive,Travel_Rarely,6,3,4,38,4,3,3,2,No,11,1,11,3,3,7,6,7,6,No
26,Medical,Sales,Sales Executive,Travel_Rarely,10,3,3,46,3,2,4,1,No,13,1,5,4,3,5,3,1,2,No
35,Marketing,Sales,Sales Executive,Travel_Rarely,1,5,3,94,3,3,2,1,No,13,1,10,3,3,10,8,0,6,No
27,Life Sciences,Research & Development,Manager R&D,Travel_Rarely,11,1,2,91,3,1,1,0,No,14,2,6,3,4,5,0,1,4,No
33,Life Sciences,Research & Development,Manager R&D,Travel_Frequently,7,2,4,36,3,2,3,1,No,20,3,9,2,3,9,7,2,8,No
38,Medical,Research & Development,Manager R&D,Travel_Frequently,8,3,4,58,2,2,2,1,Yes,16,3,20,3,3,20,11,0,7,No
35,Medical,Research & Development,Research Director,Travel_Rarely,11,4,4,43,3,1,3,7,Yes,11,3,5,3,3,2,2,2,2,No
19,Other,Sales,Sales Representative,Travel_Rarely,21,3,4,37,2,1,2,1,Yes,13,2,1,3,4,1,0,0,0,Yes
47,Life Sciences,Research & Development,Manager R&D,Travel_Rarely,4,3,3,92,2,3,2,8,Yes,12,3,28,4,3,22,11,14,10,No
31,Medical,Research & Development,Manager R&D,Travel_Rarely,11,2,3,80,3,2,1,1,Yes,12,4,6,2,2,6,5,0,1,No
34,Medical,Development,Senior Developer,Travel_Rarely,19,2,2,93,3,1,4,0,No,11,3,3,2,3,2,2,1,2,No
32,Life Sciences,Development,Senior Developer,Travel_Frequently,16,1,2,72,1,1,1,1,Yes,22,2,10,5,3,10,2,6,7,Yes
45,Life Sciences,Sales,Sales Executive,Non-Travel,9,4,2,65,2,2,3,1,No,13,4,15,2,3,15,10,4,12,No
34,Medical,Development,Developer,Travel_Rarely,27,2,4,95,3,1,2,2,No,15,4,9,3,3,3,2,1,2,No
31,Life Sciences,Sales,Sales Executive,Travel_Rarely,2,1,2,77,3,2,4,4,Yes,13,3,10,2,4,6,5,0,5,No
29,Life Sciences,Research & Development,Research Director,Travel_Rarely,1,3,4,87,2,4,4,3,No,14,2,9,2,2,7,7,1,7,No
38,Marketing,Sales,Sales Executive,Travel_Rarely,7,4,4,46,2,2,4,0,No,20,1,8,2,3,7,7,0,5,No
31,Medical,Development,Technical Lead,Travel_Frequently,3,4,2,73,3,3,3,9,No,12,1,9,3,3,2,2,2,2,No
30,Medical,Finance,Finance Manager,Travel_Rarely,7,3,2,48,2,1,2,1,No,12,2,6,3,2,6,4,1,1,No
40,Life Sciences,Research & Development,Research Scientist,Non-Travel,16,2,3,74,3,1,3,9,No,16,2,6,0,3,4,2,0,0,No
36,Marketing,Sales,Sales Executive,Travel_Rarely,3,4,1,99,3,2,2,3,Yes,16,4,15,3,3,5,4,0,1,No
27,Medical,Sales,Sales Executive,Travel_Frequently,3,1,4,71,4,2,4,1,Yes,20,2,6,3,3,6,5,0,4,No
38,Life Sciences,Development,Developer,Travel_Frequently,2,4,1,75,4,2,1,6,Yes,12,4,17,2,3,15,7,4,12,No
35,Other,Research & Development,Laboratory Technician,Travel_Rarely,10,3,2,45,3,1,4,1,No,20,1,3,4,2,3,2,1,2,No
49,Technical Degree,Development,Technical Lead,Travel_Rarely,1,2,3,90,2,4,3,7,Yes,12,4,25,2,3,7,1,0,7,No
44,Life Sciences,Development,Developer,Travel_Frequently,24,3,4,43,3,1,3,3,Yes,22,4,19,0,1,1,0,0,0,Yes
41,Medical,Development,Developer,Travel_Frequently,9,3,1,64,3,5,3,2,No,17,2,21,2,4,18,16,0,11,No
20,Marketing,Sales,Sales Representative,Travel_Frequently,9,3,4,54,3,1,4,1,Yes,14,2,2,3,3,2,2,0,2,Yes
29,Other,Research & Development,Research Scientist,Travel_Rarely,13,2,4,46,2,2,2,4,Yes,13,1,10,2,3,4,3,0,3,No
27,Medical,Development,Technical Lead,Non-Travel,3,3,3,79,2,1,3,1,Yes,15,4,1,2,2,1,1,0,1,No
36,Medical,Development,Developer,Travel_Frequently,18,1,2,73,3,1,4,1,No,13,1,8,2,3,8,1,1,7,No
36,Technical Degree,Research & Development,Research Scientist,Travel_Frequently,3,3,3,46,3,1,2,1,No,12,3,12,2,2,11,10,0,7,No
24,Technical Degree,Research & Development,Laboratory Technician,Travel_Rarely,21,2,3,57,2,1,1,0,No,14,2,2,3,3,1,1,0,0,No
39,Human Resources,Human Resources,Human Resources,Travel_Rarely,3,3,3,44,4,2,2,9,No,15,3,12,3,1,8,3,3,6,No
31,Life Sciences,Research & Development,Research Director,Travel_Rarely,8,5,1,93,3,4,2,3,No,11,3,9,3,4,3,2,1,0,No
26,Life Sciences,Human Resources,Human Resources,Travel_Rarely,25,1,3,61,3,1,3,1,No,23,4,8,3,3,8,7,5,7,No
37,Life Sciences,Research & Development,Research Director,Travel_Rarely,10,3,3,42,4,3,4,1,Yes,25,1,16,2,3,16,11,6,8,No
36,Life Sciences,Development,Developer,Travel_Frequently,18,4,3,81,4,1,4,4,No,18,4,4,2,3,1,0,0,0,No
28,Life Sciences,Sales,Sales Executive,Travel_Rarely,9,4,2,92,3,2,4,1,No,16,4,7,1,3,7,5,0,7,No
43,Medical,Sales,Sales Executive,Travel_Rarely,25,3,3,79,2,3,4,5,No,13,3,18,5,3,1,0,0,0,No
24,Technical Degree,Finance,Finance Manager,Travel_Frequently,2,1,1,32,3,1,4,1,Yes,13,3,6,2,3,6,3,1,3,No
32,Life Sciences,Development,Developer,Travel_Rarely,25,4,1,87,3,1,4,1,Yes,24,3,1,2,1,1,0,0,1,Yes
47,Life Sciences,Data Science,Data Scientist,Travel_Rarely,5,5,4,42,3,5,3,4,No,11,2,21,2,3,3,2,1,1,No
35,Life Sciences,Development,Senior Developer,Non-Travel,2,4,4,61,3,2,1,2,No,11,1,16,2,4,1,0,0,0,No
50,Life Sciences,Research & Development,Manager R&D,Travel_Rarely,28,3,4,43,3,4,1,4,Yes,11,2,25,2,3,3,2,1,2,No
27,Technical Degree,Research & Development,Manager R&D,Travel_Rarely,2,4,2,41,3,1,2,1,No,11,3,6,3,2,5,3,1,2,No
37,Life Sciences,Sales,Sales Executive,Travel_Rarely,1,4,1,46,2,3,3,5,No,11,3,17,2,1,14,1,11,7,Yes
38,Life Sciences,Data Science,Data Scientist,Travel_Frequently,2,2,4,42,3,1,4,1,Yes,23,3,1,3,3,1,0,0,0,No
50,Life Sciences,Sales,Sales Executive,Travel_Frequently,1,4,2,94,3,2,3,7,No,12,4,12,3,3,6,3,0,1,Yes
55,Medical,Research & Development,Manager,Non-Travel,2,1,3,40,2,4,1,7,No,15,2,31,3,4,9,7,6,2,No
34,Life Sciences,Development,Developer,Travel_Rarely,2,4,4,84,2,2,1,6,No,13,2,13,3,3,11,9,5,9,No
34,Life Sciences,Human Resources,Human Resources,Travel_Frequently,11,3,3,56,2,2,2,4,No,11,4,14,5,4,10,9,1,8,No
38,Technical Degree,Development,Developer,Travel_Rarely,3,5,4,32,3,2,3,3,Yes,20,2,19,2,3,3,2,2,2,No
56,Technical Degree,Research & Development,Manager,Travel_Rarely,4,4,4,92,3,5,1,4,No,13,4,28,2,3,5,2,4,2,No
36,Life Sciences,Development,Developer,Travel_Rarely,3,2,1,39,3,1,4,5,No,22,1,7,2,3,1,0,0,0,No
43,Marketing,Sales,Sales Executive,Travel_Rarely,9,3,1,85,1,2,3,8,No,13,2,7,2,2,4,3,1,3,Yes
42,Medical,Research & Development,Manager R&D,Travel_Rarely,6,3,3,83,3,3,1,9,No,13,2,18,3,4,13,7,5,7,No
26,Medical,Data Science,Data Scientist,Travel_Rarely,16,4,1,45,3,1,2,2,Yes,13,4,5,2,3,3,2,0,2,Yes
31,Marketing,Sales,Sales Executive,Non-Travel,20,2,4,45,3,2,3,1,No,13,4,9,2,2,9,8,0,0,No
23,Marketing,Sales,Sales Representative,Travel_Frequently,9,3,4,33,3,1,1,1,No,19,1,1,3,2,1,0,1,0,Yes
47,Medical,Development,Senior Developer,Travel_Frequently,16,4,3,64,4,2,3,1,Yes,19,3,20,3,4,19,10,2,7,No
42,Other,Data Science,Data Scientist,Travel_Frequently,5,2,2,97,3,1,3,4,No,17,4,8,4,3,2,2,2,0,No
44,Life Sciences,Research & Development,Healthcare Representative,Travel_Rarely,2,3,3,96,4,3,4,1,Yes,19,2,9,2,3,8,7,6,7,No
38,Other,Human Resources,Human Resources,Travel_Frequently,1,4,4,88,3,1,2,0,Yes,11,2,7,2,3,6,2,1,2,No
29,Life Sciences,Research & Development,Healthcare Representative,Travel_Frequently,1,3,4,70,4,2,3,8,Yes,12,4,10,5,4,3,2,0,2,No
32,Life Sciences,Development,Developer,Travel_Frequently,24,4,1,80,3,2,4,1,No,15,4,10,2,3,10,8,4,7,No
60,Medical,Research & Development,Healthcare Representative,Travel_Rarely,1,4,3,92,1,3,4,3,No,20,3,19,2,4,1,0,0,0,No
31,Human Resources,Human Resources,Human Resources,Travel_Rarely,2,3,1,62,2,2,1,3,No,12,4,9,1,3,2,2,1,0,No
44,Other,Research & Development,Research Scientist,Travel_Rarely,29,4,4,32,3,2,4,1,No,25,2,20,3,3,20,11,13,17,No
39,Technical Degree,Development,Developer,Travel_Frequently,2,4,3,64,3,3,3,0,No,25,4,20,1,3,19,6,11,8,No
24,Life Sciences,Development,Senior Developer,Non-Travel,4,1,1,46,2,1,4,0,No,17,4,6,2,2,5,2,3,4,No
60,Marketing,Sales,Sales Executive,Travel_Rarely,16,4,1,84,3,2,1,8,No,14,4,10,1,3,2,2,2,2,No
31,Medical,Data Science,Data Scientist,Travel_Rarely,23,3,2,64,2,2,4,0,No,21,2,10,2,3,9,0,7,8,No
52,Marketing,Sales,Manager,Travel_Rarely,3,4,3,31,2,4,1,1,No,11,1,34,3,4,34,6,1,16,No
46,Marketing,Sales,Manager,Travel_Rarely,4,2,4,33,2,5,2,2,No,14,3,26,2,3,11,4,0,8,No
34,Marketing,Sales,Sales Representative,Travel_Frequently,6,2,4,33,1,1,3,0,No,16,4,3,3,2,2,2,1,0,Yes
39,Medical,Finance,Finance Manager,Travel_Frequently,4,3,1,81,3,2,3,0,No,13,4,10,2,1,9,2,3,8,No
45,Marketing,Sales,Sales Executive,Travel_Rarely,9,3,4,74,3,3,1,4,Yes,12,3,18,2,3,5,4,0,2,No
35,Life Sciences,Development,Senior Developer,Travel_Rarely,21,1,4,51,3,2,4,1,Yes,25,4,10,2,1,10,6,0,7,No
36,Life Sciences,Development,Technical Lead,Travel_Rarely,5,2,4,62,3,2,2,8,No,16,4,16,3,4,13,11,3,7,No
46,Life Sciences,Research & Development,Healthcare Representative,Travel_Rarely,13,4,3,34,3,2,2,6,No,14,4,19,3,3,10,7,0,9,No
42,Life Sciences,Development,Developer,Travel_Rarely,17,2,4,82,4,2,1,3,Yes,13,3,10,1,3,3,2,0,2,No
24,Life Sciences,Development,Senior Developer,Non-Travel,9,3,3,60,2,1,2,1,No,11,3,1,4,3,1,0,0,0,No
29,Other,Development,Developer,Travel_Rarely,8,4,2,77,1,1,1,1,Yes,11,4,7,4,2,7,7,0,7,Yes
27,Marketing,Sales,Sales Representative,Travel_Rarely,2,1,3,85,3,1,1,0,No,11,2,5,3,3,4,3,0,2,Yes
26,Medical,Sales,Sales Executive,Non-Travel,29,2,2,79,1,2,1,8,No,18,4,7,6,3,2,2,2,2,Yes
56,Marketing,Sales,Sales Executive,Travel_Rarely,11,5,4,89,2,2,1,4,No,16,3,6,3,3,0,0,0,0,No
32,Medical,Sales,Sales Executive,Travel_Rarely,6,4,2,87,3,2,3,1,No,16,1,12,0,3,11,8,5,7,No
29,Life Sciences,Research & Development,Healthcare Representative,Travel_Rarely,29,1,4,93,1,2,3,8,No,17,4,11,3,3,7,0,1,6,No
38,Life Sciences,Sales,Sales Executive,Travel_Rarely,14,3,3,80,3,2,2,0,No,11,4,10,3,3,9,8,7,7,No
43,Technical Degree,Research & Development,Research Scientist,Travel_Frequently,17,3,3,38,2,1,3,9,Yes,16,4,6,4,3,1,0,0,0,Yes
22,Life Sciences,Research & Development,Research Scientist,Travel_Rarely,7,1,4,75,3,1,2,1,Yes,23,1,1,2,3,1,0,0,0,Yes
39,Life Sciences,Development,Developer,Travel_Frequently,8,1,3,48,3,1,3,1,No,11,1,8,3,3,8,3,0,7,No
44,Life Sciences,Research & Development,Research Scientist,Non-Travel,17,3,4,74,1,1,3,2,No,13,4,6,3,3,0,0,0,0,No
36,Life Sciences,Finance,Finance Manager,Travel_Rarely,3,2,4,79,4,2,1,6,No,20,1,13,3,3,5,4,0,4,No
40,Life Sciences,Research & Development,Laboratory Technician,Travel_Rarely,1,4,1,83,3,1,4,8,No,19,3,8,3,2,1,0,0,0,No
45,Medical,Research & Development,Manager R&D,Travel_Rarely,7,3,1,83,3,1,3,4,Yes,19,3,7,2,2,3,2,0,2,No
27,Medical,Development,Developer,Non-Travel,3,3,4,50,3,1,4,1,No,11,3,0,6,2,0,0,0,0,No
35,Medical,Development,Developer,Travel_Frequently,1,3,2,79,3,1,1,4,No,13,4,5,2,2,3,2,1,2,No
33,Life Sciences,Sales,Sales Executive,Travel_Rarely,16,3,1,74,3,3,1,2,Yes,20,3,11,2,2,0,0,0,0,Yes
42,Life Sciences,Development,Developer,Travel_Rarely,1,2,4,43,2,2,4,9,Yes,13,4,8,4,3,4,3,0,2,No
31,Technical Degree,Research & Development,Manufacturing Director,Travel_Frequently,24,1,4,30,3,2,4,2,No,20,4,9,3,2,5,4,1,4,No
41,Human Resources,Human Resources,Human Resources,Non-Travel,4,3,3,60,1,2,2,6,No,19,2,10,4,3,3,2,1,2,No
36,Life Sciences,Development,Developer,Travel_Rarely,2,3,4,96,3,1,3,4,No,13,2,6,3,3,2,2,2,2,No
22,Medical,Research & Development,Manager R&D,Travel_Rarely,8,1,3,79,3,1,1,1,Yes,17,3,1,6,3,1,0,0,0,Yes
45,Marketing,Sales,Manager,Travel_Rarely,2,3,1,94,1,5,2,2,Yes,16,1,26,2,3,24,10,1,11,Yes
40,Medical,Development,Developer,Travel_Rarely,19,2,3,99,3,2,4,8,Yes,15,3,15,2,4,7,2,3,7,No
36,Medical,Finance,Finance Manager,Non-Travel,1,4,4,33,2,2,3,0,No,15,3,4,6,3,3,2,1,2,No
37,Life Sciences,Research & Development,Manufacturing Director,Travel_Rarely,1,3,4,56,2,2,4,1,No,13,2,14,2,2,14,8,3,11,No
24,Other,Sales,Sales Executive,Travel_Rarely,3,2,1,33,3,2,3,0,No,21,1,4,2,2,3,2,0,2,No
50,Life Sciences,Development,Developer,Travel_Rarely,24,3,4,95,3,4,3,3,Yes,18,4,22,2,3,12,11,1,5,No
33,Medical,Development,Developer,Travel_Rarely,14,3,4,72,3,1,2,1,No,13,4,8,5,3,8,7,1,6,No
36,Life Sciences,Research & Development,Laboratory Technician,Travel_Rarely,6,4,3,60,1,1,3,1,No,14,3,7,4,3,7,7,1,7,No
31,Technical Degree,Development,Developer,Travel_Rarely,5,4,3,86,3,1,4,0,Yes,12,3,6,4,3,5,2,0,3,No
40,Life Sciences,Research & Development,Laboratory Technician,Travel_Rarely,2,2,3,99,3,1,1,4,No,17,4,7,5,2,4,3,0,2,No
50,Life Sciences,Development,Senior Developer,Travel_Rarely,29,4,2,88,2,4,3,0,No,15,2,28,2,3,27,10,15,7,No
37,Medical,Sales,Sales Executive,Non-Travel,19,2,1,32,3,3,2,1,Yes,13,4,10,2,3,10,0,0,9,No
28,Medical,Development,Developer,Travel_Rarely,2,4,3,46,3,1,3,6,No,17,4,5,3,2,2,2,2,1,Yes
46,Marketing,Sales,Manager,Travel_Rarely,2,3,3,69,3,4,1,8,No,23,1,28,2,3,26,15,15,9,No
35,Medical,Development,Technical Architect,Non-Travel,11,2,3,79,2,3,1,2,Yes,13,3,10,3,3,4,0,2,3,No
32,Technical Degree,Research & Development,Research Scientist,Non-Travel,5,4,2,65,3,1,2,2,No,14,2,12,3,3,7,7,0,7,No
24,Life Sciences,Development,Business Analyst,Travel_Rarely,18,1,2,52,3,1,3,0,No,12,3,6,2,3,5,3,1,2,No
36,Life Sciences,Data Science,Data Scientist,Travel_Rarely,14,1,3,68,3,2,4,0,Yes,17,1,17,2,2,16,8,4,11,No
42,Medical,Human Resources,Human Resources,Non-Travel,2,5,4,79,4,2,1,7,No,16,1,10,3,4,4,3,0,3,No
33,Life Sciences,Development,Developer,Travel_Frequently,5,4,4,74,3,3,2,6,No,11,2,12,2,3,10,6,8,8,No
38,Other,Research & Development,Manager R&D,Travel_Rarely,6,2,4,40,2,1,3,1,No,11,2,5,3,3,5,4,0,4,No
36,Life Sciences,Research & Development,Manufacturing Director,Travel_Frequently,4,2,4,97,3,2,2,7,No,13,2,18,3,3,4,2,0,2,No
32,Marketing,Sales,Sales Executive,Non-Travel,26,4,3,100,3,2,4,0,No,18,1,4,2,3,3,2,2,2,No
30,Marketing,Sales,Sales Executive,Travel_Rarely,7,4,4,73,3,2,1,7,No,14,2,8,3,3,3,2,0,2,No
31,Life Sciences,Development,Senior Developer,Travel_Rarely,9,1,3,33,3,3,2,1,No,25,4,13,6,4,13,8,0,8,No
59,Medical,Human Resources,Human Resources,Travel_Rarely,6,2,2,52,3,1,3,8,No,17,4,7,2,2,2,2,2,2,No
38,Life Sciences,Sales,Sales Executive,Non-Travel,2,2,4,39,2,2,4,3,No,18,4,13,0,3,8,7,7,5,No
37,Medical,Sales,Sales Executive,Travel_Rarely,6,4,3,98,3,2,4,4,No,14,2,7,5,4,5,4,0,1,No
30,Life Sciences,Research & Development,Research Scientist,Travel_Rarely,16,1,2,33,3,1,4,1,No,12,2,10,2,2,10,0,0,8,No
34,Medical,Research & Development,Research Scientist,Travel_Rarely,2,4,4,97,4,1,4,0,Yes,14,1,6,3,3,5,0,1,2,No
29,Marketing,Sales,Sales Executive,Travel_Rarely,20,2,4,45,3,2,4,2,No,14,4,10,2,3,3,2,0,2,No
26,Technical Degree,Development,Developer,Travel_Frequently,3,1,3,73,3,1,1,0,No,22,3,7,2,3,6,4,0,4,Yes
34,Life Sciences,Finance,Finance Manager,Travel_Frequently,10,4,3,42,4,2,4,1,No,13,1,9,3,3,9,7,7,2,No
45,Other,Sales,Sales Executive,Travel_Rarely,2,3,4,61,3,2,2,0,No,19,2,9,3,4,8,7,3,7,No
35,Other,Research & Development,Laboratory Technician,Travel_Rarely,14,4,3,39,2,1,2,1,Yes,24,4,5,2,1,4,2,0,2,Yes
32,Life Sciences,Sales,Sales Executive,Travel_Frequently,5,2,2,48,3,2,2,1,No,14,4,10,3,3,10,8,5,3,No
55,Medical,Research & Development,Healthcare Representative,Non-Travel,8,1,4,37,2,4,2,1,Yes,15,4,34,3,3,33,9,15,0,No
39,Medical,Development,Senior Developer,Travel_Rarely,6,3,4,70,3,1,1,7,Yes,21,4,8,2,1,2,2,2,2,Yes
33,Life Sciences,Sales,Sales Executive,Travel_Frequently,1,3,3,42,4,2,1,2,No,19,1,10,3,3,5,3,1,3,No
33,Life Sciences,Development,Developer,Travel_Frequently,1,2,1,98,3,3,4,1,Yes,12,3,15,1,3,15,14,8,12,No
34,Technical Degree,Research & Development,Healthcare Representative,Travel_Rarely,2,4,3,98,3,2,4,1,No,11,4,14,2,4,14,11,4,11,No
27,Medical,Development,Developer,Travel_Rarely,9,3,4,99,3,1,2,1,No,16,4,7,2,2,7,7,0,3,No
49,Life Sciences,Research & Development,Manager R&D,Travel_Frequently,28,2,1,97,2,2,1,3,No,20,1,20,2,3,4,3,1,3,Yes
36,Life Sciences,Sales,Sales Representative,Travel_Rarely,2,4,3,70,3,1,4,3,Yes,21,4,7,3,2,3,2,1,2,No
28,Life Sciences,Human Resources,Human Resources,Non-Travel,1,2,3,43,3,1,4,1,No,15,2,3,2,3,3,2,2,2,No
41,Life Sciences,Research & Development,Research Director,Non-Travel,7,1,2,55,1,5,3,1,No,22,2,21,3,3,21,16,5,10,No
29,Other,Research & Development,Healthcare Representative,Travel_Rarely,8,1,3,39,1,2,1,3,No,13,3,9,3,3,7,7,0,7,No
38,Medical,Development,Technical Lead,Travel_Rarely,29,1,2,70,3,2,1,7,Yes,19,2,17,2,3,1,0,0,0,Yes
31,Medical,Research & Development,Laboratory Technician,Travel_Rarely,4,3,1,62,4,1,3,8,No,12,2,4,0,2,2,2,2,2,No
55,Marketing,Sales,Manager,Travel_Rarely,26,5,3,60,2,5,4,1,No,21,3,36,3,3,36,6,2,13,No
21,Life Sciences,Research & Development,Laboratory Technician,Travel_Frequently,10,2,1,45,2,1,3,1,No,20,3,2,2,1,2,2,2,2,Yes
26,Life Sciences,Sales,Sales Executive,Travel_Rarely,1,3,3,57,3,2,3,1,No,17,2,8,3,3,8,7,7,7,No
37,Life Sciences,Development,Developer,Travel_Rarely,10,1,4,82,3,1,1,0,Yes,13,2,6,3,2,5,3,4,3,No
36,Medical,Development,Developer,Travel_Rarely,9,3,4,79,2,1,3,0,Yes,17,1,2,0,2,1,0,0,0,Yes
29,Medical,Development,Developer,Travel_Rarely,27,3,2,66,3,2,3,4,No,12,1,11,3,2,8,7,1,1,No
39,Life Sciences,Sales,Sales Executive,Travel_Rarely,2,5,1,41,4,3,3,0,No,18,4,9,3,3,8,7,0,7,No
27,Life Sciences,Research & Development,Senior Manager R&D,Travel_Rarely,2,4,1,47,3,2,4,0,No,18,2,4,2,3,3,2,2,2,No
45,Life Sciences,Development,Developer,Travel_Rarely,10,2,1,69,3,1,4,3,No,21,4,8,3,2,2,2,0,2,No
41,Life Sciences,Research & Development,Laboratory Technician,Travel_Rarely,12,4,2,46,3,1,4,3,Yes,11,1,6,4,3,1,0,0,0,No
51,Life Sciences,Sales,Sales Executive,Travel_Rarely,14,2,3,87,3,2,4,4,No,11,3,18,2,2,7,7,0,7,No
49,Life Sciences,Development,Developer,Travel_Frequently,10,4,3,35,3,5,1,9,Yes,11,4,22,4,3,3,2,1,2,No
35,Medical,Sales,Sales Executive,Travel_Rarely,1,3,1,80,3,2,3,1,No,16,4,5,3,3,5,4,0,3,No
36,Medical,Development,Developer,Travel_Rarely,6,2,2,84,3,2,2,6,No,20,4,7,0,3,3,2,0,1,No
27,Medical,Data Science,Data Scientist,Travel_Rarely,1,2,4,82,3,1,2,1,No,11,2,5,2,3,5,2,0,4,No
29,Life Sciences,Development,Senior Developer,Travel_Rarely,21,4,2,51,4,3,1,1,No,11,3,10,1,3,10,9,8,8,No
41,Life Sciences,Development,Developer,Travel_Rarely,14,3,1,56,3,1,3,4,No,12,1,13,2,3,9,8,1,8,No
30,Medical,Sales,Sales Executive,Travel_Rarely,4,2,3,63,2,2,2,1,Yes,12,2,11,4,2,11,8,2,7,No
28,Life Sciences,Sales,Sales Executive,Travel_Frequently,1,2,3,42,2,2,4,1,Yes,12,3,7,2,3,7,7,0,7,No
44,Life Sciences,Research & Development,Manager R&D,Travel_Rarely,10,4,3,96,3,1,3,1,Yes,11,3,6,4,3,6,4,0,2,Yes
42,Medical,Research & Development,Research Scientist,Travel_Rarely,7,4,2,78,4,2,2,6,Yes,16,4,18,2,3,1,0,0,0,No
48,Medical,Research & Development,Manager R&D,Non-Travel,1,4,1,35,4,4,4,2,No,22,3,27,3,2,5,4,2,1,No
53,Life Sciences,Development,Developer,Travel_Rarely,23,4,4,72,3,4,4,6,No,18,3,33,0,3,12,9,3,8,No
32,Life Sciences,Research & Development,Manager R&D,Travel_Frequently,2,2,4,38,3,2,3,4,Yes,14,4,10,2,3,8,7,0,7,No
24,Other,Development,Developer,Travel_Rarely,17,2,4,94,2,1,2,1,No,21,4,1,2,3,1,0,0,0,No
30,Marketing,Sales,Sales Executive,Travel_Rarely,5,3,4,30,2,2,3,1,No,13,3,10,2,3,10,9,1,2,No
36,Life Sciences,Finance,Finance Manager,Travel_Rarely,7,3,1,77,3,1,2,2,No,11,3,15,4,3,4,3,1,3,No
50,Medical,Development,Senior Developer,Travel_Rarely,28,1,4,74,4,1,3,1,Yes,11,3,20,3,3,20,8,3,8,No
29,Medical,Research & Development,Manager R&D,Travel_Rarely,6,1,2,54,3,1,4,1,No,13,1,10,5,3,10,8,0,8,No
46,Life Sciences,Sales,Sales Executive,Travel_Rarely,2,3,3,74,3,3,4,4,Yes,12,2,13,5,2,10,6,0,3,No
34,Life Sciences,Research & Development,Manager R&D,Travel_Rarely,1,4,2,45,3,2,4,9,No,17,2,9,3,2,2,2,2,1,No
46,Marketing,Sales,Sales Executive,Travel_Frequently,5,4,1,98,3,2,4,4,Yes,21,3,14,4,3,9,6,0,8,No
40,Life Sciences,Research & Development,Research Scientist,Travel_Rarely,2,4,3,52,2,1,3,2,No,14,4,8,2,3,2,2,2,2,No
47,Life Sciences,Sales,Sales Representative,Travel_Rarely,2,4,4,65,2,1,4,1,Yes,18,1,3,3,2,3,2,1,2,No
36,Marketing,Sales,Sales Executive,Travel_Frequently,7,3,1,83,4,2,1,2,No,16,4,17,2,2,15,7,6,13,No
33,Life Sciences,Sales,Sales Executive,Non-Travel,16,3,3,36,3,2,4,1,Yes,25,3,7,2,3,6,5,1,2,No
49,Medical,Sales,Sales Executive,Travel_Frequently,2,3,4,63,2,2,2,2,No,14,4,17,3,2,9,6,0,8,No
31,Life Sciences,Sales,Sales Executive,Travel_Rarely,6,4,2,76,1,2,3,4,Yes,18,2,12,3,2,7,7,7,7,Yes
35,Life Sciences,Finance,Finance Manager,Travel_Rarely,28,3,2,46,4,2,3,1,No,17,4,10,3,2,10,9,6,8,No
25,Life Sciences,Sales,Sales Executive,Travel_Rarely,28,3,1,41,2,2,3,2,No,18,4,6,3,3,2,2,2,2,No
29,Medical,Development,Developer,Travel_Rarely,18,1,3,86,2,1,4,1,Yes,13,3,4,3,2,4,3,0,1,Yes
34,Technical Degree,Finance,Finance Manager,Travel_Frequently,10,4,4,92,2,2,3,1,No,14,2,8,3,2,8,2,7,7,No
27,Life Sciences,Research & Development,Manager R&D,Travel_Rarely,14,3,1,42,3,1,1,1,Yes,14,4,9,3,2,9,7,6,8,No
50,Marketing,Sales,Manager,Travel_Rarely,9,3,3,59,3,5,3,4,Yes,16,3,27,2,3,1,0,0,0,No
28,Medical,Human Resources,Human Resources,Travel_Rarely,8,2,2,63,2,1,4,1,No,13,4,6,6,3,5,1,0,4,No
23,Other,Research & Development,Laboratory Technician,Travel_Rarely,12,2,4,78,3,1,4,1,No,13,3,5,6,4,5,2,1,4,No
50,Life Sciences,Development,Technical Lead,Travel_Rarely,11,3,3,53,3,5,2,3,No,15,2,21,5,3,5,4,4,4,No
53,Other,Development,Senior Developer,Travel_Rarely,5,3,3,58,3,5,3,4,No,11,4,26,3,2,14,13,4,8,No
33,Life Sciences,Sales,Sales Executive,Travel_Frequently,5,1,2,61,3,2,4,6,No,13,1,8,2,4,5,4,1,2,No
22,Life Sciences,Development,Technical Lead,Travel_Rarely,5,3,4,60,4,1,2,1,Yes,16,1,4,2,2,4,2,2,2,No
47,Medical,Sales,Sales Representative,Travel_Frequently,4,1,2,99,3,2,3,3,No,19,1,5,3,3,0,0,0,0,No
33,Medical,Research & Development,Research Scientist,Travel_Frequently,29,4,1,54,2,2,3,1,No,22,2,14,4,3,13,7,3,8,Yes
51,Life Sciences,Development,Business Analyst,Travel_Frequently,8,4,1,53,1,3,4,2,No,15,4,18,2,3,4,2,0,3,Yes
27,Medical,Development,Developer,Non-Travel,9,3,4,57,3,1,2,6,No,18,4,6,1,1,2,2,2,2,No
35,Life Sciences,Research & Development,Research Scientist,Travel_Rarely,6,1,3,66,3,1,3,0,Yes,14,4,4,3,3,3,2,2,2,No
27,Medical,Finance,Finance Manager,Travel_Frequently,2,3,4,87,3,1,4,2,No,13,3,6,0,2,4,2,1,2,No
21,Medical,Development,Developer,Travel_Rarely,3,2,4,100,2,1,3,1,No,17,1,3,4,4,3,2,1,0,No
38,Life Sciences,Development,Developer,Travel_Rarely,1,1,3,43,3,1,1,3,No,17,4,8,3,2,0,0,0,0,No
32,Life Sciences,Sales,Sales Executive,Travel_Rarely,19,3,4,80,1,3,3,3,No,13,3,10,2,1,4,3,0,2,No
28,Technical Degree,Development,Technical Architect,Travel_Rarely,5,4,3,50,3,1,3,1,Yes,13,3,2,3,2,2,2,2,2,Yes
34,Medical,Research & Development,Manager R&D,Travel_Rarely,5,2,2,57,2,2,4,1,No,14,3,15,3,4,15,10,4,13,No
38,Life Sciences,Development,Developer,Travel_Rarely,25,2,1,81,2,3,2,3,No,17,3,19,2,3,10,8,0,1,No
41,Life Sciences,Development,Developer,Travel_Rarely,9,4,3,94,3,1,1,2,No,21,4,7,2,3,5,0,1,4,No
35,Life Sciences,Development,Developer,Travel_Rarely,22,3,4,46,1,1,3,0,No,15,3,6,2,3,5,4,4,3,No
32,Life Sciences,Development,Senior Developer,Travel_Frequently,2,2,4,79,3,1,4,0,No,13,3,8,2,2,7,7,3,6,No
55,Medical,Sales,Sales Executive,Travel_Rarely,2,1,3,37,3,2,4,4,No,16,3,12,3,2,9,7,7,3,Yes
47,Medical,Research & Development,Manager R&D,Travel_Rarely,25,3,1,84,3,3,3,2,No,23,2,25,3,3,17,14,12,11,No
38,Life Sciences,Research & Development,Research Scientist,Travel_Frequently,7,3,4,57,4,1,3,1,No,11,4,4,2,3,4,2,0,3,No
49,Medical,Research & Development,Laboratory Technician,Travel_Rarely,3,2,3,43,2,2,1,4,No,25,1,10,3,3,3,2,1,2,No
18,Life Sciences,Research & Development,Research Scientist,Non-Travel,5,2,2,73,3,1,4,1,No,15,4,0,2,3,0,0,0,0,No
49,Medical,Development,Developer,Travel_Rarely,20,4,3,96,3,2,1,1,No,14,3,16,2,2,15,11,5,11,No
30,Technical Degree,Development,Developer,Travel_Frequently,4,3,3,40,3,1,4,9,Yes,23,3,3,4,3,1,0,0,0,Yes
39,Marketing,Sales,Sales Executive,Travel_Rarely,24,1,2,60,2,4,4,0,No,11,1,21,2,2,20,9,9,6,No
37,Life Sciences,Development,Delivery Manager,Travel_Rarely,10,4,3,49,3,2,2,2,Yes,12,4,18,2,2,1,0,0,1,No
34,Life Sciences,Development,Senior Developer,Travel_Rarely,2,4,4,62,2,1,3,3,No,12,3,14,3,3,7,3,5,7,No
44,Human Resources,Human Resources,Human Resources,Travel_Frequently,1,5,1,37,3,2,4,4,Yes,11,3,14,3,3,10,7,0,2,No
34,Marketing,Sales,Sales Executive,Travel_Rarely,1,4,2,75,4,2,4,0,No,11,4,16,2,2,15,1,0,9,No
29,Medical,Research & Development,Manufacturing Director,Travel_Rarely,8,1,2,79,2,2,4,1,Yes,15,3,10,2,2,10,7,1,2,No
34,Other,Development,Developer,Travel_Rarely,6,4,1,41,3,2,3,1,No,14,3,16,3,3,16,13,2,10,No
22,Life Sciences,Development,Developer,Travel_Rarely,3,1,2,34,3,2,3,0,Yes,19,1,4,3,4,3,2,0,2,Yes
36,Medical,Sales,Sales Executive,Non-Travel,10,4,2,32,3,3,4,1,No,14,4,10,3,2,10,3,9,7,No
33,Technical Degree,Research & Development,Research Scientist,Non-Travel,4,3,4,90,3,2,2,5,No,15,4,11,2,2,9,8,1,7,No
36,Life Sciences,Development,Developer,Travel_Rarely,6,3,2,55,4,1,4,3,No,12,2,5,3,3,1,0,0,0,No
52,Marketing,Sales,Manager,Travel_Rarely,2,1,1,57,1,5,4,1,No,15,4,33,3,3,32,14,6,9,Yes
45,Life Sciences,Sales,Manager,Travel_Rarely,11,2,4,90,3,4,4,3,No,13,2,26,4,4,9,3,1,1,No
36,Life Sciences,Sales,Sales Executive,Travel_Rarely,3,1,3,51,2,3,4,1,Yes,11,1,16,6,3,16,7,3,7,Yes
49,Life Sciences,Development,Technical Lead,Non-Travel,18,4,4,92,3,2,4,1,Yes,15,1,7,0,3,7,7,1,7,No
21,Medical,Finance,Finance Manager,Travel_Rarely,5,1,3,97,3,1,4,1,No,18,3,3,2,3,2,2,2,2,No
50,Life Sciences,Finance,Finance Manager,Travel_Rarely,17,5,4,50,2,3,1,5,No,15,3,19,3,3,14,11,1,11,No
40,Life Sciences,Research & Development,Laboratory Technician,Travel_Rarely,1,4,2,88,3,1,2,3,No,22,3,7,3,3,4,2,0,3,No
39,Medical,Development,Developer,Travel_Frequently,7,2,3,54,2,5,4,1,No,15,1,21,2,3,21,9,13,3,No
34,Medical,Research & Development,Laboratory Technician,Travel_Rarely,29,3,2,86,3,2,3,4,No,13,1,10,1,3,8,7,7,7,No
42,Marketing,Sales,Sales Executive,Travel_Frequently,26,3,3,77,3,4,2,5,No,14,4,23,2,4,20,4,4,8,No
38,Life Sciences,Sales,Sales Representative,Travel_Rarely,1,3,1,59,2,1,1,4,No,14,1,20,3,2,1,0,0,0,No
36,Medical,Research & Development,Manufacturing Director,Travel_Rarely,12,5,4,51,2,3,4,0,No,11,2,15,2,2,14,8,7,8,No
31,Medical,Development,Business Analyst,Travel_Rarely,1,4,3,87,3,1,2,1,No,17,2,1,4,3,1,1,1,0,No
31,Life Sciences,Development,Developer,Travel_Rarely,8,4,3,61,3,2,4,1,No,23,4,11,2,3,11,7,1,8,No
43,Life Sciences,Development,Developer,Travel_Rarely,14,2,2,94,3,4,1,6,No,24,3,22,3,3,4,1,1,0,No
35,Other,Research & Development,Manufacturing Director,Travel_Rarely,16,2,4,44,2,2,2,0,Yes,11,4,4,2,3,3,2,0,2,No
45,Medical,Development,Technical Lead,Travel_Rarely,29,3,3,83,3,1,4,5,No,13,2,9,2,2,6,5,0,3,No
46,Life Sciences,Sales,Manager,Travel_Rarely,3,3,3,51,3,4,2,8,No,12,4,23,2,4,13,12,5,1,No
26,Medical,Research & Development,Laboratory Technician,Travel_Rarely,17,4,4,62,1,1,3,1,No,15,3,3,3,4,3,2,0,2,No
34,Medical,Data Science,Data Scientist,Travel_Rarely,9,3,4,46,2,3,2,1,No,14,2,9,3,4,8,7,7,7,No
43,Life Sciences,Development,Delivery Manager,Travel_Rarely,7,3,3,43,3,3,1,8,No,16,1,10,1,2,1,0,0,0,No
45,Medical,Development,Technical Lead,Travel_Rarely,20,2,3,79,3,4,4,0,Yes,14,2,21,2,3,20,7,4,10,No
47,Medical,Sales,Sales Executive,Travel_Rarely,14,3,3,78,3,2,3,3,Yes,17,3,11,4,2,5,4,1,2,No
55,Medical,Research & Development,Research Director,Travel_Rarely,2,3,3,60,2,5,1,8,No,12,2,34,2,3,1,0,0,0,No
45,Life Sciences,Development,Developer,Travel_Rarely,2,3,2,95,2,1,3,1,No,14,4,1,3,3,1,0,0,0,No
35,Life Sciences,Sales,Sales Representative,Travel_Rarely,28,4,2,98,2,1,3,0,No,23,1,6,5,3,5,3,4,2,No
50,Medical,Development,Developer,Travel_Rarely,1,3,3,86,2,1,3,2,No,15,4,5,2,2,3,2,0,2,No
35,Life Sciences,Human Resources,Human Resources,Travel_Rarely,26,4,3,31,3,3,4,1,Yes,16,3,9,2,3,9,0,1,7,No
46,Medical,Sales,Sales Executive,Travel_Rarely,9,2,3,64,2,3,4,1,No,16,4,9,3,3,9,8,4,7,Yes
40,Marketing,Sales,Sales Executive,Travel_Rarely,26,3,3,74,3,2,1,1,No,14,2,8,3,2,7,7,7,5,No
46,Life Sciences,Human Resources,Human Resources,Travel_Rarely,1,2,4,44,3,1,1,6,No,12,3,10,3,4,7,6,5,7,No
33,Medical,Research & Development,Healthcare Representative,Travel_Rarely,15,2,2,95,3,2,4,0,Yes,13,1,10,6,3,9,7,8,1,No
41,Medical,Development,Developer,Travel_Rarely,6,3,4,95,2,2,2,6,Yes,15,4,8,3,3,5,4,1,2,No
30,Life Sciences,Sales,Sales Executive,Travel_Rarely,1,3,2,64,2,2,1,1,No,11,4,10,4,3,10,8,6,7,Yes
37,Medical,Development,Developer,Travel_Frequently,9,3,2,53,3,1,4,1,Yes,12,3,4,3,2,4,2,1,2,No
44,Medical,Research & Development,Research Scientist,Travel_Rarely,1,3,2,42,3,1,4,6,Yes,12,3,6,2,3,4,3,1,2,No
29,Life Sciences,Research & Development,Laboratory Technician,Travel_Frequently,2,1,4,97,3,1,2,0,No,13,3,4,3,3,3,2,0,2,No
34,Marketing,Sales,Sales Executive,Travel_Rarely,1,3,1,32,3,3,4,1,No,21,1,14,3,2,14,8,2,1,No
26,Medical,Finance,Finance Manager,Non-Travel,7,3,4,76,3,1,4,1,No,20,3,7,5,3,7,7,5,7,No
42,Life Sciences,Sales,Sales Executive,Travel_Rarely,1,1,2,99,3,2,3,1,No,25,3,20,3,3,20,16,11,6,No
31,Life Sciences,Research & Development,Laboratory Technician,Travel_Rarely,2,4,2,69,3,1,3,1,No,14,4,6,2,4,5,2,0,3,No
34,Life Sciences,Research & Development,Research Scientist,Travel_Rarely,19,3,2,35,2,1,4,1,No,12,2,10,3,3,10,9,8,7,No
40,Life Sciences,Development,Developer,Travel_Frequently,1,4,3,78,2,4,2,1,No,22,4,22,3,2,22,3,11,11,No
30,Marketing,Sales,Sales Executive,Travel_Rarely,27,5,3,99,3,2,4,7,No,23,4,10,2,2,8,7,7,7,No
55,Medical,Development,Developer,Travel_Rarely,1,3,4,81,3,5,1,0,Yes,14,3,37,2,3,36,10,4,13,No
30,Technical Degree,Sales,Sales Executive,Travel_Rarely,12,3,2,83,3,2,3,0,No,11,2,6,6,3,5,4,4,4,No
33,Medical,Research & Development,Research Scientist,Travel_Rarely,9,3,1,60,3,1,4,0,No,13,2,15,5,3,14,10,4,10,No
35,Life Sciences,Research & Development,Manager R&D,Travel_Rarely,16,3,4,91,2,3,2,1,No,19,4,11,3,1,11,8,3,3,No
36,Life Sciences,Development,Developer,Non-Travel,8,3,1,63,4,3,1,9,No,14,1,10,2,3,8,7,0,5,No
43,Life Sciences,Human Resources,Human Resources,Travel_Rarely,2,3,2,97,3,1,4,0,No,13,2,10,5,3,9,7,1,8,No
39,Medical,Sales,Sales Executive,Travel_Rarely,3,2,4,41,3,2,3,4,Yes,18,1,12,3,2,1,0,0,0,Yes
38,Medical,Research & Development,Manufacturing Director,Travel_Rarely,2,3,3,81,3,2,2,4,No,11,1,7,2,3,5,2,1,4,Yes
29,Life Sciences,Sales,Sales Representative,Travel_Rarely,10,3,3,99,3,1,3,1,No,11,3,1,6,3,1,0,0,0,No
45,Technical Degree,Sales,Sales Representative,Travel_Rarely,2,2,2,46,1,2,3,0,No,13,1,9,3,3,8,7,3,1,No
38,Life Sciences,Development,Technical Lead,Travel_Rarely,9,2,3,75,3,1,4,1,No,12,3,2,3,3,2,2,2,1,No
37,Life Sciences,Development,Developer,Travel_Rarely,21,3,2,65,4,1,1,1,Yes,12,1,8,3,2,8,7,1,7,No
36,Medical,Sales,Sales Executive,Non-Travel,1,5,4,45,3,2,4,4,No,15,2,7,6,3,1,0,0,0,No
33,Life Sciences,Sales,Manager,Non-Travel,17,3,4,38,3,4,3,1,No,11,4,10,2,3,10,8,6,0,No
33,Life Sciences,Development,Developer,Travel_Rarely,2,3,3,90,3,1,4,0,No,14,1,4,2,4,3,1,0,2,No
41,Marketing,Sales,Sales Executive,Travel_Frequently,1,3,3,66,3,2,1,0,No,17,4,10,2,3,9,3,1,7,No
36,Life Sciences,Sales,Sales Executive,Travel_Rarely,1,2,2,56,3,2,4,1,Yes,14,4,18,1,2,18,14,4,11,No
38,Life Sciences,Development,Developer,Travel_Rarely,15,2,3,92,2,3,4,0,Yes,14,2,12,3,3,11,10,2,9,No
31,Medical,Research & Development,Manufacturing Director,Non-Travel,5,3,2,74,3,2,1,0,No,19,2,10,2,3,9,4,1,7,No
47,Marketing,Sales,Sales Executive,Non-Travel,2,4,3,87,3,2,2,7,No,11,4,4,3,1,1,0,0,0,No
50,Marketing,Sales,Sales Representative,Travel_Rarely,3,2,1,86,2,1,3,1,Yes,14,3,3,2,3,3,2,0,2,Yes
24,Medical,Human Resources,Human Resources,Travel_Frequently,10,3,1,59,3,1,4,0,No,14,4,3,2,3,2,2,2,1,No
30,Technical Degree,Research & Development,Manager R&D,Travel_Frequently,2,4,4,78,2,1,1,0,No,16,4,10,2,3,9,7,0,7,No
29,Medical,Sales,Sales Executive,Travel_Frequently,1,1,2,42,3,3,4,1,No,14,4,11,5,3,11,10,4,1,No
28,Life Sciences,Research & Development,Manager R&D,Travel_Rarely,12,1,3,79,3,1,4,1,Yes,11,4,1,4,2,1,1,0,0,Yes
33,Marketing,Sales,Sales Executive,Travel_Rarely,10,4,2,43,3,2,3,1,No,14,2,10,2,2,10,4,0,9,No
26,Life Sciences,Data Science,Data Scientist,Travel_Frequently,1,3,3,84,3,2,2,1,No,20,1,6,6,1,6,5,1,4,No
47,Life Sciences,Human Resources,Manager,Travel_Rarely,26,4,4,98,3,5,3,3,No,11,3,27,2,3,5,2,1,0,No
54,Medical,Development,Developer,Travel_Rarely,5,2,1,86,3,5,1,4,No,11,3,24,4,2,4,2,1,2,No
32,Technical Degree,Development,Developer,Travel_Rarely,2,1,4,84,2,2,1,4,No,13,4,9,5,3,6,2,0,4,No
33,Medical,Development,Developer,Travel_Rarely,14,3,3,58,3,1,4,5,Yes,13,3,8,2,1,5,4,0,4,Yes
53,Technical Degree,Research & Development,Manufacturing Director,Travel_Rarely,2,5,3,78,2,3,4,0,No,16,2,34,4,3,33,7,1,9,Yes
37,Technical Degree,Development,Developer,Travel_Rarely,1,3,2,59,3,3,4,4,No,17,4,12,3,4,6,5,1,2,No
41,Life Sciences,Research & Development,Laboratory Technician,Travel_Rarely,9,4,3,94,3,1,1,1,No,20,2,5,2,3,5,3,0,4,No
45,Marketing,Sales,Sales Executive,Non-Travel,26,3,1,52,2,2,1,1,No,15,1,10,2,3,10,7,4,5,No
33,Life Sciences,Sales,Sales Executive,Travel_Frequently,7,3,4,30,3,2,2,0,No,17,3,4,3,3,3,2,0,2,No
23,Medical,Finance,Finance Manager,Travel_Rarely,8,1,4,93,2,1,3,1,Yes,11,1,5,2,3,5,4,1,2,Yes
37,Medical,Research & Development,Healthcare Representative,Travel_Rarely,25,2,3,52,2,2,4,7,No,13,3,9,2,3,6,2,1,3,No
35,Life Sciences,Research & Development,Laboratory Technician,Travel_Rarely,2,3,1,69,3,1,1,1,Yes,12,4,1,2,3,1,0,0,0,Yes
37,Medical,Sales,Sales Representative,Travel_Frequently,21,2,3,54,3,1,4,5,No,15,2,10,3,3,5,4,0,0,No
40,Medical,Research & Development,Research Scientist,Travel_Rarely,2,4,3,98,3,1,3,2,No,14,2,20,2,3,5,3,0,2,No
34,Medical,Sales,Sales Executive,Travel_Rarely,15,2,3,66,3,2,1,1,No,12,4,10,6,4,10,8,9,6,No
49,Other,Finance,Finance Manager,Travel_Rarely,22,4,1,72,3,4,2,3,No,16,2,27,2,3,4,2,1,2,No
27,Medical,Finance,Finance Manager,Travel_Rarely,8,3,2,86,4,1,3,7,No,17,1,5,0,3,3,2,0,2,No
34,Technical Degree,Research & Development,Research Scientist,Non-Travel,26,1,1,92,2,1,3,1,No,20,3,5,2,3,5,4,0,0,No
28,Life Sciences,Research & Development,Manager R&D,Travel_Rarely,1,3,1,72,2,1,3,1,No,14,4,1,2,1,1,0,0,0,No
28,Medical,Development,Senior Developer,Travel_Rarely,17,2,3,79,3,2,1,1,No,12,4,10,2,3,10,0,1,8,No
59,Medical,Research & Development,Manager R&D,Travel_Rarely,18,4,4,67,3,3,4,6,No,12,4,25,6,2,9,7,5,4,No
49,Life Sciences,Finance,Finance Manager,Travel_Rarely,25,4,3,84,3,1,1,1,No,14,4,10,3,2,9,6,1,4,No
22,Medical,Development,Developer,Travel_Rarely,11,3,1,43,3,1,2,1,No,13,4,2,1,3,2,1,1,2,No
29,Marketing,Sales,Sales Executive,Travel_Rarely,10,1,4,39,2,2,2,1,Yes,14,1,7,2,3,7,7,1,7,No
44,Marketing,Sales,Manager,Travel_Rarely,5,3,2,88,3,5,2,7,No,11,3,26,5,3,22,9,3,10,No
28,Medical,Research & Development,Manager R&D,Travel_Frequently,1,3,1,45,2,1,2,1,No,15,1,1,2,3,1,0,0,0,Yes
49,Medical,Research & Development,Manager R&D,Travel_Rarely,4,2,1,85,2,5,3,2,No,13,3,23,2,4,1,0,0,0,No
22,Life Sciences,Research & Development,Research Scientist,Travel_Rarely,1,2,4,63,3,1,3,0,No,12,4,4,2,4,3,2,1,2,No
29,Medical,Human Resources,Human Resources,Travel_Rarely,6,1,4,87,2,1,2,1,No,11,4,1,3,3,1,0,0,0,No
44,Life Sciences,Research & Development,Manager R&D,Travel_Rarely,4,2,3,92,4,5,1,1,No,14,4,26,4,2,25,9,14,13,No
21,Medical,Sales,Sales Representative,Non-Travel,9,2,1,39,3,1,4,1,No,24,3,3,3,2,3,2,2,2,No
59,Life Sciences,Sales,Sales Executive,Travel_Rarely,25,3,1,99,3,3,1,7,No,11,4,28,3,2,21,16,7,9,No
34,Medical,Sales,Sales Executive,Travel_Rarely,24,4,1,40,2,2,2,0,Yes,23,3,16,2,4,15,9,10,10,Yes
22,Life Sciences,Research & Development,Manager R&D,Travel_Frequently,3,4,3,48,2,1,4,0,Yes,11,2,1,5,3,0,0,0,0,Yes
21,Marketing,Sales,Sales Representative,Travel_Rarely,7,1,2,31,3,1,2,1,No,13,2,1,3,3,1,0,1,0,Yes
48,Other,Research & Development,Manager R&D,Travel_Rarely,15,4,3,65,3,1,1,8,No,12,4,10,3,2,8,2,7,6,No
42,Medical,Research & Development,Laboratory Technician,Travel_Frequently,9,2,1,74,3,1,4,1,No,13,3,12,3,3,12,9,5,8,No
36,Technical Degree,Development,Business Analyst,Travel_Rarely,8,3,3,59,3,3,3,1,No,13,2,17,2,3,17,14,12,8,No
43,Medical,Development,Developer,Travel_Frequently,28,3,2,72,4,1,3,4,No,12,4,18,2,3,3,2,1,2,No
50,Medical,Development,Senior Developer,Travel_Rarely,1,2,4,66,3,4,4,9,No,22,3,32,1,2,5,4,1,3,No
54,Medical,Research & Development,Manufacturing Director,Travel_Rarely,10,3,3,77,3,2,1,6,Yes,19,4,9,3,3,5,2,1,4,No
39,Life Sciences,Human Resources,Human Resources,Travel_Rarely,2,3,4,42,2,2,4,8,No,11,3,13,2,3,5,4,0,4,No
46,Medical,Development,Developer,Travel_Frequently,1,3,3,40,2,3,1,2,Yes,13,3,21,5,2,10,9,9,5,No
20,Medical,Development,Senior Developer,Travel_Rarely,10,1,4,32,3,1,3,1,Yes,11,4,1,5,3,1,0,1,1,Yes
33,Life Sciences,Development,Senior Developer,Travel_Frequently,3,3,1,70,3,1,1,1,Yes,11,1,10,3,3,10,8,9,7,Yes
27,Life Sciences,Development,Developer,Travel_Frequently,10,2,4,32,3,3,1,1,No,21,3,9,4,2,9,7,1,7,No
40,Marketing,Sales,Sales Executive,Travel_Rarely,25,4,4,57,2,3,2,2,Yes,12,3,9,2,3,5,4,1,0,Yes
34,Life Sciences,Research & Development,Laboratory Technician,Travel_Frequently,9,4,4,93,3,2,1,4,No,17,3,11,3,2,7,1,0,7,Yes
38,Life Sciences,Sales,Sales Executive,Travel_Rarely,2,2,2,31,3,2,1,3,No,15,4,11,3,3,7,7,1,7,No
30,Life Sciences,Development,Developer,Travel_Rarely,2,3,3,99,2,2,4,1,No,19,1,11,3,3,11,10,10,8,No
48,Marketing,Sales,Sales Executive,Travel_Rarely,2,5,2,37,3,2,4,2,No,14,1,14,2,3,9,7,6,7,No
30,Life Sciences,Sales,Sales Executive,Travel_Rarely,5,3,2,41,3,3,4,2,No,12,3,12,2,3,10,9,7,4,No
23,Life Sciences,Research & Development,Laboratory Technician,Travel_Rarely,20,1,1,97,3,2,3,0,No,14,2,5,2,3,4,3,1,2,No
51,Life Sciences,Human Resources,Manager,Travel_Rarely,5,3,3,84,3,4,2,1,Yes,11,2,33,2,3,33,9,0,10,No
50,Medical,Research & Development,Research Director,Travel_Frequently,22,5,3,88,1,4,4,1,Yes,13,4,32,2,3,32,6,13,9,No
42,Medical,Research & Development,Laboratory Technician,Travel_Rarely,29,3,2,56,1,2,4,4,No,19,1,16,3,3,1,0,0,0,No
37,Medical,Development,Developer,Travel_Frequently,10,3,1,61,3,3,3,6,No,11,2,17,5,3,1,0,0,0,Yes
24,Medical,Development,Developer,Travel_Rarely,1,3,2,61,3,1,4,2,Yes,16,1,6,2,2,2,0,2,0,Yes
58,Medical,Sales,Manager,Non-Travel,2,3,2,52,3,4,2,4,No,22,4,37,0,2,16,9,14,14,No
55,Life Sciences,Development,Delivery Manager,Travel_Rarely,2,3,3,97,3,4,4,2,Yes,13,3,30,2,3,5,4,1,2,No
45,Medical,Sales,Sales Executive,Non-Travel,6,3,4,57,2,3,4,6,No,12,4,23,2,3,19,7,12,8,No
35,Medical,Development,Developer,Travel_Rarely,16,3,1,84,4,1,2,0,No,13,3,6,5,3,5,4,0,3,No
26,Medical,Research & Development,Research Scientist,Travel_Rarely,2,1,1,36,2,1,4,0,No,12,4,5,2,3,4,3,1,1,No
44,Medical,Finance,Finance Manager,Travel_Rarely,7,3,2,31,3,5,4,0,Yes,14,4,23,4,2,22,7,1,10,No
35,Medical,Development,Senior Developer,Travel_Rarely,27,1,3,53,2,1,1,1,No,11,4,6,3,2,6,5,1,1,No
30,Marketing,Sales,Sales Executive,Travel_Rarely,10,3,3,72,2,2,3,1,No,18,1,10,3,3,10,3,1,4,No
48,Life Sciences,Sales,Sales Executive,Travel_Rarely,16,4,3,96,3,2,3,8,No,14,3,18,2,3,8,7,7,7,No
34,Medical,Development,Developer,Travel_Rarely,2,4,3,86,2,1,1,1,No,11,3,6,3,3,6,5,1,3,No
35,Medical,Research & Development,Healthcare Representative,Travel_Rarely,10,4,1,51,3,2,3,3,Yes,16,3,10,4,3,5,2,0,4,No
37,Life Sciences,Development,Delivery Manager,Travel_Rarely,14,3,4,95,3,1,1,1,No,12,3,18,2,2,18,7,12,17,No
49,Life Sciences,Research & Development,Manager R&D,Travel_Rarely,7,4,3,35,3,3,2,3,No,14,2,29,3,3,8,7,0,7,No
27,Life Sciences,Research & Development,Senior Manager R&D,Non-Travel,8,5,1,87,1,1,3,1,No,19,4,3,4,3,3,2,1,2,No
33,Life Sciences,Research & Development,Manufacturing Director,Travel_Rarely,25,3,4,44,2,2,2,1,No,13,4,5,2,3,5,3,0,2,No
31,Marketing,Sales,Sales Executive,Travel_Rarely,7,3,4,73,3,2,4,4,No,12,4,13,3,3,7,7,1,7,No
43,Technical Degree,Finance,Finance Manager,Travel_Rarely,27,3,4,87,4,1,2,5,No,12,3,8,0,3,6,4,0,2,No
45,Life Sciences,Research & Development,Manager R&D,Non-Travel,1,1,3,74,2,3,3,3,No,23,4,25,3,2,23,15,14,4,No
33,Medical,Sales,Sales Executive,Travel_Frequently,25,3,2,82,3,2,3,1,No,12,1,10,3,2,10,7,0,1,No
33,Human Resources,Human Resources,Human Resources,Travel_Rarely,2,3,2,99,3,1,3,1,No,13,4,5,2,3,5,4,1,4,No
40,Medical,Research & Development,Research Director,Travel_Frequently,9,4,2,88,3,3,3,9,No,17,3,20,3,2,18,7,2,13,No
48,Medical,Sales,Sales Representative,Travel_Frequently,7,2,4,95,3,1,3,2,Yes,11,3,19,3,3,9,7,7,7,Yes
38,Medical,Data Science,Data Scientist,Travel_Rarely,10,3,3,76,3,2,3,3,No,19,3,18,4,3,1,0,0,0,No
42,Marketing,Sales,Manager,Travel_Rarely,5,2,4,90,3,5,3,6,No,13,2,21,3,4,1,0,0,0,No
51,Medical,Research & Development,Laboratory Technician,Travel_Frequently,6,2,2,40,2,1,3,0,No,14,2,8,6,2,7,0,7,7,No
42,Life Sciences,Development,Developer,Travel_Rarely,2,4,3,81,3,2,4,1,No,13,2,10,4,3,10,2,2,2,No
31,Life Sciences,Sales,Sales Representative,Travel_Rarely,7,4,2,41,2,1,3,3,No,15,2,13,2,4,7,7,5,2,No
33,Other,Development,Developer,Travel_Frequently,1,4,3,84,4,2,2,1,Yes,13,1,6,2,3,6,5,1,2,No
37,Medical,Research & Development,Research Scientist,Travel_Rarely,7,4,4,78,3,2,1,5,Yes,22,3,16,2,3,5,3,0,4,No
