run_id,date_time,git_commit_if_available,script,config,feature_set,model,seed,cv_strategy,primary_metrics,output_dir,notes,decision_status
audit_20260605_phase0,2026-06-05T16:26:44+03:00,6f9df0a85d26bf1519634001357c8f91340a740c,manual_repository_audit,not_applicable,not_applicable,not_applicable,not_applicable,not_applicable,not_applicable,reports/research_log/repo_audit.md,"Phase 0 repository audit only. No model experiment was executed in this registry row. Existing reports, scripts, tests, and artifacts were inventoried.",needs_review
infra_config_registry_tests_20260605,2026-06-05T15:03:28+00:00,6f9df0a85d26bf1519634001357c8f91340a740c,python -m unittest discover -s tests -v,configs/*.yaml,not_applicable,not_applicable,not_applicable,not_applicable,17 unit tests passed,tests,"Validated config loading, feature-set exclusion, taxonomy annotations, central metrics, leakage sensitivity, and experiment registry writer without running model experiments.",candidate
data_audit_20260605,2026-06-05T15:05:05+00:00,6f9df0a85d26bf1519634001357c8f91340a740c,python -m src.data.audit,configs/project.yaml; configs/feature_taxonomy.yaml,not_applicable,not_applicable,not_applicable,not_applicable,"{""columns"": 28, ""duplicate_id_count"": 0, ""null_target_count"": 0, ""rows"": 1200}",reports\data_audit,"Generated schema, target distribution, missingness, duplicate, taxonomy review, and temporality audit outputs.",candidate
phase2_data_audit_tests_20260605,2026-06-05T15:05:22+00:00,6f9df0a85d26bf1519634001357c8f91340a740c,python -m unittest discover -s tests -v,configs/project.yaml; configs/feature_taxonomy.yaml; configs/feature_sets.yaml,not_applicable,not_applicable,not_applicable,not_applicable,18 unit tests passed,tests,"Validated data audit generation plus phase-1 config, feature-set, taxonomy, metrics, leakage sensitivity, and registry tests.",candidate
leakage_sensitivity_existing_ablation_20260605,2026-06-05T15:07:07+00:00,6f9df0a85d26bf1519634001357c8f91340a740c,python -m src.experiments.leakage_sensitivity,reports/robustness/leakage_ablation/leakage_ablation_summary.csv,multiple,catboost; lightgbm; xgboost,source_report,source_report,macro_f1_lsi; quadratic_weighted_kappa_lsi,reports\leakage,Derived LSI report from existing leakage ablation outputs. No model training was run.,candidate
phase4_lsi_report_tests_20260605,2026-06-05T15:07:23+00:00,6f9df0a85d26bf1519634001357c8f91340a740c,python -m unittest discover -s tests -v,configs/evaluation.yaml; reports/leakage/leakage_sensitivity_index.csv,multiple,not_applicable,not_applicable,not_applicable,19 unit tests passed,tests,"Validated LSI table generation plus config, data audit, feature-set, taxonomy, metrics, and registry tests.",candidate
leakage_safe_cv_config_2026-06-05T15:16:50+00:00,2026-06-05T15:16:50+00:00,6f9df0a85d26bf1519634001357c8f91340a740c,python -m src.experiments.leakage_safe_cv,configs/feature_sets.yaml; configs/evaluation.yaml; configs/model_grid.yaml,no_salary_hike_no_attrition; no_salary_hike_no_attrition_no_department,catboost; lightgbm; xgboost,42,"StratifiedKFold(n_splits=10, shuffle=True)",macro_f1; quadratic_weighted_kappa; ordinal_mae; severe_error_rate; nll_log_loss; multiclass_brier; ece_confidence,reports\leakage_safe_cv_config,Config-backed leakage-safe CV. Final candidate feature sets exclude Age per researcher approval.,candidate
department_proxy_analysis_20260605,2026-06-05T15:19:13+00:00,6f9df0a85d26bf1519634001357c8f91340a740c,python -m src.experiments.proxy_analysis,configs/feature_sets.yaml; configs/fairness.yaml; configs/feature_taxonomy.yaml,no_salary_hike_no_attrition_no_department,balanced_logistic_regression_proxy_classifier,42,"StratifiedKFold(n_splits=5, shuffle=True)","[{""mean"": 0.9824999999999999, ""metric"": ""accuracy"", ""std"": 0.00950146187582617}, {""mean"": 0.981974051708067, ""metric"": ""balanced_accuracy"", ""std"": 0.015443491788476503}, {""mean"": 0.9723854069988519, ""metric"": ""macro_f1"", ""std"": 0.013044933931867364}]",reports\fairness,Proxy analysis for reconstructing EmpDepartment from department-free final-candidate features. No employee performance model was trained.,candidate
phase_proxy_tests_20260605,2026-06-05T15:20:00+00:00,6f9df0a85d26bf1519634001357c8f91340a740c,python -m unittest discover -s tests -v,configs/feature_sets.yaml; configs/fairness.yaml; configs/feature_taxonomy.yaml,not_applicable,not_applicable,not_applicable,not_applicable,22 unit tests passed,tests,"Validated approved Age exclusion policy, config-backed feature sets, leakage CV helpers, data audit, LSI, metrics, registry, and department proxy helper tests.",candidate
final_fast_tests_after_catboost_write_guard_20260605,2026-06-05T15:20:56+00:00,6f9df0a85d26bf1519634001357c8f91340a740c,python -m unittest discover -s tests -v,configs/*.yaml,not_applicable,not_applicable,not_applicable,not_applicable,22 unit tests passed,tests,Final fast test pass after adding CatBoost allow_writing_files=False guard in leakage-safe CV.,candidate
leakage_safe_cv_config_2026-06-05T15:28:10+00:00,2026-06-05T15:28:10+00:00,6f9df0a85d26bf1519634001357c8f91340a740c,python -m src.experiments.leakage_safe_cv,configs/feature_sets.yaml; configs/evaluation.yaml; configs/model_grid.yaml,no_salary_hike_no_attrition_no_department_no_job_role,catboost; lightgbm; xgboost,42,"StratifiedKFold(n_splits=10, shuffle=True)",macro_f1; quadratic_weighted_kappa; ordinal_mae; severe_error_rate; nll_log_loss; multiclass_brier; ece_confidence,reports\leakage_safe_cv_job_role_sensitivity,Config-backed leakage-safe CV. Final candidate feature sets exclude Age per researcher approval.,candidate
department_proxy_analysis_20260605,2026-06-05T15:28:23+00:00,6f9df0a85d26bf1519634001357c8f91340a740c,python -m src.experiments.proxy_analysis,configs/feature_sets.yaml; configs/fairness.yaml; configs/feature_taxonomy.yaml,no_salary_hike_no_attrition_no_department_no_job_role,balanced_logistic_regression_proxy_classifier,42,"StratifiedKFold(n_splits=5, shuffle=True)","[{""mean"": 0.2875, ""metric"": ""accuracy"", ""std"": 0.045261585380000885}, {""mean"": 0.2948596005193244, ""metric"": ""balanced_accuracy"", ""std"": 0.06887727004284011}, {""mean"": 0.24075287023165778, ""metric"": ""macro_f1"", ""std"": 0.034575998167021386}]",reports\fairness\proxy_no_job_role,Proxy analysis for reconstructing EmpDepartment from department-free final-candidate features. No employee performance model was trained.,candidate
department_proxy_analysis_no_salary_hike_no_attrition_no_department_2026-06-05T15:28:51+00:00,2026-06-05T15:28:51+00:00,6f9df0a85d26bf1519634001357c8f91340a740c,python -m src.experiments.proxy_analysis,configs/feature_sets.yaml; configs/fairness.yaml; configs/feature_taxonomy.yaml,no_salary_hike_no_attrition_no_department,balanced_logistic_regression_proxy_classifier,42,"StratifiedKFold(n_splits=5, shuffle=True)","[{""mean"": 0.9824999999999999, ""metric"": ""accuracy"", ""std"": 0.00950146187582617}, {""mean"": 0.981974051708067, ""metric"": ""balanced_accuracy"", ""std"": 0.015443491788476503}, {""mean"": 0.9723854069988519, ""metric"": ""macro_f1"", ""std"": 0.013044933931867364}]",reports\fairness\proxy_with_job_role,Proxy analysis for reconstructing EmpDepartment from department-free final-candidate features. No employee performance model was trained.,candidate
department_proxy_analysis_no_salary_hike_no_attrition_no_department_no_job_role_2026-06-05T15:28:53+00:00,2026-06-05T15:28:53+00:00,6f9df0a85d26bf1519634001357c8f91340a740c,python -m src.experiments.proxy_analysis,configs/feature_sets.yaml; configs/fairness.yaml; configs/feature_taxonomy.yaml,no_salary_hike_no_attrition_no_department_no_job_role,balanced_logistic_regression_proxy_classifier,42,"StratifiedKFold(n_splits=5, shuffle=True)","[{""mean"": 0.2875, ""metric"": ""accuracy"", ""std"": 0.04299951550114644}, {""mean"": 0.29489029559796476, ""metric"": ""balanced_accuracy"", ""std"": 0.06788825028740618}, {""mean"": 0.24120600735255388, ""metric"": ""macro_f1"", ""std"": 0.033088933085169546}]",reports\fairness\proxy_no_job_role,Proxy analysis for reconstructing EmpDepartment from department-free final-candidate features. No employee performance model was trained.,candidate
job_role_sensitivity_report_2026-06-05T15:29:58+00:00,2026-06-05T15:29:58+00:00,6f9df0a85d26bf1519634001357c8f91340a740c,python -m src.experiments.job_role_sensitivity,configs/feature_sets.yaml; reports/leakage_safe_cv_config; reports/leakage_safe_cv_job_role_sensitivity; reports/fairness/proxy_*,no_salary_hike_no_attrition_no_department; no_salary_hike_no_attrition_no_department_no_job_role,summary_report,source_reports,source_reports,"[{""best_model"": ""xgboost"", ""comparison"": ""best_department_free_with_job_role"", ""department_proxy_balanced_accuracy"": 0.981974051708067, ""department_proxy_macro_f1"": 0.972385406998852, ""feature_set"": ""no_salary_hike_no_attrition_no_department"", ""macro_f1_delta_vs_with_job_role"": 0.0, ""performance_macro_f1"": 0.5987215278292141, ""performance_ordinal_mae"": 0.1525, ""performance_qwk"": 0.6380278784486674, ""proxy_macro_f1_delta_vs_with_job_role"": 0.0, ""proxy_macro_f1_relative_reduction"": 0.0, ""qwk_delta_vs_with_job_role"": 0.0}, {""best_model"": ""lightgbm"", ""comparison"": ""best_department_free_without_job_role"", ""department_proxy_balanced_accuracy"": 0.2948902955979647, ""department_proxy_macro_f1"": 0.2412060073525538, ""feature_set"": ""no_salary_hike_no_attrition_no_department_no_job_role"", ""macro_f1_delta_vs_with_job_role"": -0.03752251303849752, ""performance_macro_f1"": 0.5611990147907165, ""performance_ordinal_mae"": 0.2025, ""performance_qwk"": 0.5430077288854379, ""proxy_macro_f1_delta_vs_with_job_role"": -0.7311793996462982, ""proxy_macro_f1_relative_reduction"": 0.7519440279374343, ""qwk_delta_vs_with_job_role"": -0.09502014956322946}]",reports\fairness,Joined performance and department-proxy evidence for EmpJobRole sensitivity.,needs_review
job_role_sensitivity_final_tests_20260605,2026-06-05T15:30:38+00:00,6f9df0a85d26bf1519634001357c8f91340a740c,python -m unittest discover -s tests -v,configs/feature_sets.yaml; reports/fairness/job_role_sensitivity_comparison.csv,no_salary_hike_no_attrition_no_department_no_job_role,not_applicable,not_applicable,not_applicable,23 unit tests passed,tests,Validated job-role-free sensitivity feature-set exclusion and existing infrastructure tests after generating comparison reports.,candidate
fairness_feature_set_sensitivity_2026-06-05T15:39:38+00:00,2026-06-05T15:39:38+00:00,6f9df0a85d26bf1519634001357c8f91340a740c,python -m src.experiments.fairness_sensitivity,configs/feature_sets.yaml; configs/fairness.yaml,no_salary_hike_no_attrition; no_salary_hike_no_attrition_no_department; no_salary_hike_no_attrition_no_department_no_job_role,xgboost,42,"StratifiedKFold(n_splits=10, shuffle=True)",support-filtered subgroup gaps,reports\fairness\feature_set_sensitivity,OOF fairness sensitivity across feature sets using a fixed model to isolate feature-set effects.,candidate
fairness_feature_set_sensitivity_2026-06-05T15:41:31+00:00,2026-06-05T15:41:31+00:00,6f9df0a85d26bf1519634001357c8f91340a740c,python -m src.experiments.fairness_sensitivity,configs/feature_sets.yaml; configs/fairness.yaml,no_salary_hike_no_attrition; no_salary_hike_no_attrition_no_department; no_salary_hike_no_attrition_no_department_no_job_role,xgboost,42,"StratifiedKFold(n_splits=10, shuffle=True)",support-filtered subgroup gaps,reports\fairness\feature_set_sensitivity,OOF fairness sensitivity across feature sets using a fixed model to isolate feature-set effects.,candidate
fairness_feature_set_sensitivity_final_tests_20260605,2026-06-05T15:42:43+00:00,6f9df0a85d26bf1519634001357c8f91340a740c,python -m unittest discover -s tests -v,configs/feature_sets.yaml; configs/fairness.yaml,no_salary_hike_no_attrition; no_salary_hike_no_attrition_no_department; no_salary_hike_no_attrition_no_department_no_job_role,not_applicable,not_applicable,not_applicable,24 unit tests passed,tests,Validated fairness feature-set sensitivity reporting and support-filtered disparity summary columns after OOF experiment generation.,candidate
final_fairness_bootstrap_2026-06-05T16:08:30+00:00,2026-06-05T16:08:30+00:00,6f9df0a85d26bf1519634001357c8f91340a740c,python -m src.experiments.final_fairness_bootstrap,configs/feature_sets.yaml; configs/fairness.yaml; configs/feature_taxonomy.yaml; configs/counterfactuals.yaml,no_salary_hike_no_attrition; no_salary_hike_no_attrition_no_department; no_salary_hike_no_attrition_no_department_no_job_role,xgboost,42,task_specific; see output metadata,bootstrap CI for support-filtered subgroup disparity gaps,reports\fairness\feature_set_sensitivity,Bootstrap uncertainty for OOF fairness disparity metrics using current config-backed XGBoost OOF predictions.,candidate
final_calibration_2026-06-05T16:08:58+00:00,2026-06-05T16:08:58+00:00,6f9df0a85d26bf1519634001357c8f91340a740c,python -m src.experiments.final_calibration,configs/feature_sets.yaml; configs/fairness.yaml; configs/feature_taxonomy.yaml; configs/counterfactuals.yaml,no_salary_hike_no_attrition; no_salary_hike_no_attrition_no_department; no_salary_hike_no_attrition_no_department_no_job_role,xgboost,42,task_specific; see output metadata,log loss; multiclass Brier; ECE; class-wise calibration bins,reports\calibration\final_candidates,"Nested train/calibration split inside each outer fold for raw, sigmoid, and isotonic probability diagnostics.",candidate
final_shap_stability_2026-06-05T16:09:29+00:00,2026-06-05T16:09:29+00:00,6f9df0a85d26bf1519634001357c8f91340a740c,python -m src.experiments.final_shap_stability,configs/feature_sets.yaml; configs/fairness.yaml; configs/feature_taxonomy.yaml; configs/counterfactuals.yaml,no_salary_hike_no_attrition; no_salary_hike_no_attrition_no_department; no_salary_hike_no_attrition_no_department_no_job_role,xgboost,42,task_specific; see output metadata,top-k Jaccard and Spearman rank stability of grouped SHAP importance,reports\xai\final_candidates,Grouped one-hot XGBoost SHAP values back to raw feature families across CV folds.,candidate
final_counterfactual_actionability_2026-06-05T16:09:52+00:00,2026-06-05T16:09:52+00:00,6f9df0a85d26bf1519634001357c8f91340a740c,python -m src.experiments.final_counterfactual_actionability,configs/feature_sets.yaml; configs/fairness.yaml; configs/feature_taxonomy.yaml; configs/counterfactuals.yaml,no_salary_hike_no_attrition; no_salary_hike_no_attrition_no_department; no_salary_hike_no_attrition_no_department_no_job_role,xgboost,42,task_specific; see output metadata,counterfactual validity by intervention mode; probability gain; cost; changed control types,reports\counterfactuals\final_candidates,Prototype-based constrained counterfactual actionability diagnostics for final XGBoost candidates.,candidate
final_model_selection_dashboard_2026-06-05T16:10:05+00:00,2026-06-05T16:10:05+00:00,6f9df0a85d26bf1519634001357c8f91340a740c,python -m src.experiments.final_model_selection dashboard,configs/feature_sets.yaml; configs/fairness.yaml; configs/feature_taxonomy.yaml; configs/counterfactuals.yaml,no_salary_hike_no_attrition; no_salary_hike_no_attrition_no_department; no_salary_hike_no_attrition_no_department_no_job_role,xgboost,42,task_specific; see output metadata,performance; calibration; fairness CI; proxy risk; SHAP stability; actionability; leakage safety,reports\model_selection,Final multi-criteria dashboard and nuanced model recommendation for XGBoost final candidates.,candidate
final_reason_codes_2026-06-05T16:10:24+00:00,2026-06-05T16:10:24+00:00,6f9df0a85d26bf1519634001357c8f91340a740c,python -m src.experiments.final_reason_codes,configs/feature_sets.yaml; configs/fairness.yaml; configs/feature_taxonomy.yaml; configs/counterfactuals.yaml,no_salary_hike_no_attrition_no_department,xgboost,42,task_specific; see output metadata,representative local grouped SHAP reason codes with governance warnings,reports\xai\final_candidates\reason_code_examples,Generated governance-safe reason-code examples for the recommended primary candidate.,candidate
final_model_card_2026-06-05T16:10:33+00:00,2026-06-05T16:10:33+00:00,6f9df0a85d26bf1519634001357c8f91340a740c,python -m src.experiments.final_model_selection model-card,configs/feature_sets.yaml; configs/fairness.yaml; configs/feature_taxonomy.yaml; configs/counterfactuals.yaml,no_salary_hike_no_attrition_no_department,xgboost,42,task_specific; see output metadata,model governance card,reports\model_card,Generated manuscript-ready governance model card for the recommended primary candidate.,candidate
final_evidence_package_tests_20260605,2026-06-05T16:11:29+00:00,6f9df0a85d26bf1519634001357c8f91340a740c,python -m unittest discover -s tests -v,configs/feature_sets.yaml; configs/fairness.yaml; configs/feature_taxonomy.yaml; configs/counterfactuals.yaml,no_salary_hike_no_attrition; no_salary_hike_no_attrition_no_department; no_salary_hike_no_attrition_no_department_no_job_role,not_applicable,not_applicable,not_applicable,29 unit tests passed,tests,"Validated final evidence package utilities, dashboard schema, grouped SHAP aggregation, calibration helper, bootstrap helper, and existing infrastructure tests.",candidate
llm_governed_explanations_2026-06-22T11:07:17+00:00,2026-06-22T11:07:17+00:00,c703039f0b501c8b61926a8844c9b2992e3e098d,python -m src.llm.generate_governed_explanations,structured evidence loaded from final candidate reports,no_salary_hike_no_attrition_no_department,offline_stub_llm_interpreter,deterministic,not_applicable,faithfulness score; warning coverage,reports/llm_explanations,Generated deterministic governed LLM-style explanations from structured XAI evidence.,candidate
multi_agent_governance_audit_2026-06-22T11:07:18+00:00,2026-06-22T11:07:18+00:00,c703039f0b501c8b61926a8844c9b2992e3e098d,python -m src.agents.run_governance_audit,structured evidence loaded from final candidate reports,no_salary_hike_no_attrition_no_department,governance_agents,deterministic,not_applicable,agent risk levels; supervisor readiness status,reports/agent_audits,Generated multi-agent governance audit from structured final-candidate evidence.,candidate
gxair_llm_agent_dashboard_2026-06-22T11:07:19+00:00,2026-06-22T11:07:19+00:00,c703039f0b501c8b61926a8844c9b2992e3e098d,python -m src.governance.gxair_score,final dashboard + LLM governance eval,no_salary_hike_no_attrition_no_department,gxair_dashboard,deterministic,not_applicable,transparent G-XAIR component scores with LLM compliance,reports/governance_reports,Generated transparent G-XAIR dashboard extension with LLM governance component.,candidate
final_llm_agent_research_summary_2026-06-22T11:07:20+00:00,2026-06-22T11:07:20+00:00,c703039f0b501c8b61926a8844c9b2992e3e098d,python -m src.governance.governance_report,final LLM-agent generated reports,no_salary_hike_no_attrition_no_department,governance_report,deterministic,not_applicable,readiness label; automatic evaluation summary,reports/governance_reports,Generated final LLM-agent research summary.,candidate
chatbot_guardrail_eval_2026-06-22T11:07:38+00:00,2026-06-22T11:07:38+00:00,c703039f0b501c8b61926a8844c9b2992e3e098d,python -m src.chatbot.evaluate_chatbot,unsafe prompt set in src.chatbot.evaluate_chatbot,not_applicable,guardrailed_chatbot,deterministic,not_applicable,unsafe_prompt_refusal_rate=0.857,reports/chatbot_eval,Evaluated chatbot refusal behavior on unsafe HR prompts.,candidate
chatbot_guardrail_eval_2026-06-22T11:07:39+00:00,2026-06-22T11:07:39+00:00,c703039f0b501c8b61926a8844c9b2992e3e098d,python -m src.chatbot.evaluate_chatbot,unsafe prompt set in src.chatbot.evaluate_chatbot,not_applicable,guardrailed_chatbot,deterministic,not_applicable,unsafe_prompt_refusal_rate=0.857,reports/chatbot_eval,Evaluated chatbot refusal behavior on unsafe HR prompts.,candidate
multi_agent_governance_audit_2026-06-22T11:07:39+00:00,2026-06-22T11:07:39+00:00,c703039f0b501c8b61926a8844c9b2992e3e098d,python -m src.agents.run_governance_audit,structured evidence loaded from final candidate reports,no_salary_hike_no_attrition_no_department,governance_agents,deterministic,not_applicable,agent risk levels; supervisor readiness status,reports/agent_audits,Generated multi-agent governance audit from structured final-candidate evidence.,candidate
llm_governance_eval_2026-06-22T11:07:39+00:00,2026-06-22T11:07:39+00:00,c703039f0b501c8b61926a8844c9b2992e3e098d,python -m src.llm.evaluate_llm_governance,governed explanations + chatbot unsafe prompts + agent audit,no_salary_hike_no_attrition_no_department,offline_stub_llm_interpreter,deterministic,not_applicable,faithfulness pass rate; unsafe prompt refusal rate; consistency rate,reports/llm_explanations,Automatic evaluation of LLM governance layer without human study.,candidate
gxair_llm_agent_dashboard_2026-06-22T11:07:40+00:00,2026-06-22T11:07:40+00:00,c703039f0b501c8b61926a8844c9b2992e3e098d,python -m src.governance.gxair_score,final dashboard + LLM governance eval,no_salary_hike_no_attrition_no_department,gxair_dashboard,deterministic,not_applicable,transparent G-XAIR component scores with LLM compliance,reports/governance_reports,Generated transparent G-XAIR dashboard extension with LLM governance component.,candidate
final_llm_agent_research_summary_2026-06-22T11:07:40+00:00,2026-06-22T11:07:40+00:00,c703039f0b501c8b61926a8844c9b2992e3e098d,python -m src.governance.governance_report,final LLM-agent generated reports,no_salary_hike_no_attrition_no_department,governance_report,deterministic,not_applicable,readiness label; automatic evaluation summary,reports/governance_reports,Generated final LLM-agent research summary.,candidate
chatbot_guardrail_eval_2026-06-22T11:08:20+00:00,2026-06-22T11:08:20+00:00,c703039f0b501c8b61926a8844c9b2992e3e098d,python -m src.chatbot.evaluate_chatbot,unsafe prompt set in src.chatbot.evaluate_chatbot,not_applicable,guardrailed_chatbot,deterministic,not_applicable,unsafe_prompt_refusal_rate=1.000,reports/chatbot_eval,Evaluated chatbot refusal behavior on unsafe HR prompts.,candidate
chatbot_guardrail_eval_2026-06-22T11:08:20+00:00,2026-06-22T11:08:20+00:00,c703039f0b501c8b61926a8844c9b2992e3e098d,python -m src.chatbot.evaluate_chatbot,unsafe prompt set in src.chatbot.evaluate_chatbot,not_applicable,guardrailed_chatbot,deterministic,not_applicable,unsafe_prompt_refusal_rate=1.000,reports/chatbot_eval,Evaluated chatbot refusal behavior on unsafe HR prompts.,candidate
multi_agent_governance_audit_2026-06-22T11:08:21+00:00,2026-06-22T11:08:21+00:00,c703039f0b501c8b61926a8844c9b2992e3e098d,python -m src.agents.run_governance_audit,structured evidence loaded from final candidate reports,no_salary_hike_no_attrition_no_department,governance_agents,deterministic,not_applicable,agent risk levels; supervisor readiness status,reports/agent_audits,Generated multi-agent governance audit from structured final-candidate evidence.,candidate
llm_governance_eval_2026-06-22T11:08:21+00:00,2026-06-22T11:08:21+00:00,c703039f0b501c8b61926a8844c9b2992e3e098d,python -m src.llm.evaluate_llm_governance,governed explanations + chatbot unsafe prompts + agent audit,no_salary_hike_no_attrition_no_department,offline_stub_llm_interpreter,deterministic,not_applicable,faithfulness pass rate; unsafe prompt refusal rate; consistency rate,reports/llm_explanations,Automatic evaluation of LLM governance layer without human study.,candidate
gxair_llm_agent_dashboard_2026-06-22T11:08:21+00:00,2026-06-22T11:08:21+00:00,c703039f0b501c8b61926a8844c9b2992e3e098d,python -m src.governance.gxair_score,final dashboard + LLM governance eval,no_salary_hike_no_attrition_no_department,gxair_dashboard,deterministic,not_applicable,transparent G-XAIR component scores with LLM compliance,reports/governance_reports,Generated transparent G-XAIR dashboard extension with LLM governance component.,candidate
final_llm_agent_research_summary_2026-06-22T11:08:22+00:00,2026-06-22T11:08:22+00:00,c703039f0b501c8b61926a8844c9b2992e3e098d,python -m src.governance.governance_report,final LLM-agent generated reports,no_salary_hike_no_attrition_no_department,governance_report,deterministic,not_applicable,readiness label; automatic evaluation summary,reports/governance_reports,Generated final LLM-agent research summary.,candidate
llm_agent_unittest_2026-06-22T11:11:01+00:00,2026-06-22T11:11:01+00:00,c703039f0b501c8b61926a8844c9b2992e3e098d,.\myenv\Scripts\python.exe -m unittest discover -s tests -v,unittest discovery over tests/,not_applicable,llm_agent_governance_tests,not_applicable,not_applicable,43 tests passed,tests/,Final validation for LLM-assisted multi-agent XAI governance layer.,accepted
chatbot_guardrail_eval_2026-06-22T11:11:52+00:00,2026-06-22T11:11:52+00:00,c703039f0b501c8b61926a8844c9b2992e3e098d,python -m src.chatbot.evaluate_chatbot,unsafe prompt set in src.chatbot.evaluate_chatbot,not_applicable,guardrailed_chatbot,deterministic,not_applicable,unsafe_prompt_refusal_rate=1.000,reports/chatbot_eval,Evaluated chatbot refusal behavior on unsafe HR prompts.,candidate
chatbot_guardrail_eval_2026-06-22T11:11:52+00:00,2026-06-22T11:11:52+00:00,c703039f0b501c8b61926a8844c9b2992e3e098d,python -m src.chatbot.evaluate_chatbot,unsafe prompt set in src.chatbot.evaluate_chatbot,not_applicable,guardrailed_chatbot,deterministic,not_applicable,unsafe_prompt_refusal_rate=1.000,reports/chatbot_eval,Evaluated chatbot refusal behavior on unsafe HR prompts.,candidate
multi_agent_governance_audit_2026-06-22T11:11:52+00:00,2026-06-22T11:11:52+00:00,c703039f0b501c8b61926a8844c9b2992e3e098d,python -m src.agents.run_governance_audit,structured evidence loaded from final candidate reports,no_salary_hike_no_attrition_no_department,governance_agents,deterministic,not_applicable,agent risk levels; supervisor readiness status,reports/agent_audits,Generated multi-agent governance audit from structured final-candidate evidence.,candidate
llm_governance_eval_2026-06-22T11:11:52+00:00,2026-06-22T11:11:52+00:00,c703039f0b501c8b61926a8844c9b2992e3e098d,python -m src.llm.evaluate_llm_governance,governed explanations + chatbot unsafe prompts + agent audit,no_salary_hike_no_attrition_no_department,offline_stub_llm_interpreter,deterministic,not_applicable,faithfulness pass rate; unsafe prompt refusal rate; consistency rate,reports/llm_explanations,Automatic evaluation of LLM governance layer without human study.,candidate
gxair_llm_agent_dashboard_2026-06-22T11:11:53+00:00,2026-06-22T11:11:53+00:00,c703039f0b501c8b61926a8844c9b2992e3e098d,python -m src.governance.gxair_score,final dashboard + LLM governance eval,no_salary_hike_no_attrition_no_department,gxair_dashboard,deterministic,not_applicable,transparent G-XAIR component scores with LLM compliance,reports/governance_reports,Generated transparent G-XAIR dashboard extension with LLM governance component.,candidate
final_llm_agent_research_summary_2026-06-22T11:11:53+00:00,2026-06-22T11:11:53+00:00,c703039f0b501c8b61926a8844c9b2992e3e098d,python -m src.governance.governance_report,final LLM-agent generated reports,no_salary_hike_no_attrition_no_department,governance_report,deterministic,not_applicable,readiness label; automatic evaluation summary,reports/governance_reports,Generated final LLM-agent research summary.,candidate
chatbot_guardrail_eval_2026-06-22T11:12:35+00:00,2026-06-22T11:12:35+00:00,c703039f0b501c8b61926a8844c9b2992e3e098d,python -m src.chatbot.evaluate_chatbot,unsafe prompt set in src.chatbot.evaluate_chatbot,not_applicable,guardrailed_chatbot,deterministic,not_applicable,unsafe_prompt_refusal_rate=1.000,reports/chatbot_eval,Evaluated chatbot refusal behavior on unsafe HR prompts.,candidate
chatbot_guardrail_eval_2026-06-22T11:12:35+00:00,2026-06-22T11:12:35+00:00,c703039f0b501c8b61926a8844c9b2992e3e098d,python -m src.chatbot.evaluate_chatbot,unsafe prompt set in src.chatbot.evaluate_chatbot,not_applicable,guardrailed_chatbot,deterministic,not_applicable,unsafe_prompt_refusal_rate=1.000,reports/chatbot_eval,Evaluated chatbot refusal behavior on unsafe HR prompts.,candidate
multi_agent_governance_audit_2026-06-22T11:12:35+00:00,2026-06-22T11:12:35+00:00,c703039f0b501c8b61926a8844c9b2992e3e098d,python -m src.agents.run_governance_audit,structured evidence loaded from final candidate reports,no_salary_hike_no_attrition_no_department,governance_agents,deterministic,not_applicable,agent risk levels; supervisor readiness status,reports/agent_audits,Generated multi-agent governance audit from structured final-candidate evidence.,candidate
llm_governance_eval_2026-06-22T11:12:35+00:00,2026-06-22T11:12:35+00:00,c703039f0b501c8b61926a8844c9b2992e3e098d,python -m src.llm.evaluate_llm_governance,governed explanations + chatbot unsafe prompts + agent audit,no_salary_hike_no_attrition_no_department,offline_stub_llm_interpreter,deterministic,not_applicable,faithfulness pass rate; unsafe prompt refusal rate; consistency rate,reports/llm_explanations,Automatic evaluation of LLM governance layer without human study.,candidate
gxair_llm_agent_dashboard_2026-06-22T11:12:36+00:00,2026-06-22T11:12:36+00:00,c703039f0b501c8b61926a8844c9b2992e3e098d,python -m src.governance.gxair_score,final dashboard + LLM governance eval,no_salary_hike_no_attrition_no_department,gxair_dashboard,deterministic,not_applicable,transparent G-XAIR component scores with LLM compliance,reports/governance_reports,Generated transparent G-XAIR dashboard extension with LLM governance component.,candidate
final_llm_agent_research_summary_2026-06-22T11:12:37+00:00,2026-06-22T11:12:37+00:00,c703039f0b501c8b61926a8844c9b2992e3e098d,python -m src.governance.governance_report,final LLM-agent generated reports,no_salary_hike_no_attrition_no_department,governance_report,deterministic,not_applicable,readiness label; automatic evaluation summary,reports/governance_reports,Generated final LLM-agent research summary.,candidate
llm_agent_unittest_final_2026-06-22T11:12:54+00:00,2026-06-22T11:12:54+00:00,c703039f0b501c8b61926a8844c9b2992e3e098d,.\myenv\Scripts\python.exe -m unittest discover -s tests -v,unittest discovery over tests/ after chatbot leakage-routing patch,not_applicable,llm_agent_governance_tests,not_applicable,not_applicable,45 tests passed,tests/,Final validation for LLM-assisted multi-agent XAI governance layer after guardrail route refinement.,accepted
llm_agent_streamlit_compile_2026-06-22T11:14:27+00:00,2026-06-22T11:14:27+00:00,c703039f0b501c8b61926a8844c9b2992e3e098d,.\myenv\Scripts\python.exe -m py_compile app\streamlit_app.py,Streamlit app syntax compile after LLM Governance & Audit tab integration,not_applicable,streamlit_governance_tab,not_applicable,not_applicable,py_compile passed,app/,Validated syntax for report-backed LLM Governance & Audit Streamlit tab.,accepted
llm_agent_unittest_final_with_streamlit_2026-06-22T11:14:27+00:00,2026-06-22T11:14:27+00:00,c703039f0b501c8b61926a8844c9b2992e3e098d,.\myenv\Scripts\python.exe -m unittest discover -s tests -v,unittest discovery over tests/ after Streamlit tab integration,not_applicable,llm_agent_governance_tests,not_applicable,not_applicable,45 tests passed,tests/,Final validation after LLM Governance & Audit Streamlit tab integration.,accepted
llm_governed_explanations_2026-06-22T11:57:52+00:00,2026-06-22T11:57:52+00:00,c703039f0b501c8b61926a8844c9b2992e3e098d,python -m src.llm.generate_governed_explanations,structured evidence loaded from final candidate reports,no_salary_hike_no_attrition_no_department,offline:gpt-5.5,deterministic,not_applicable,faithfulness score; warning coverage,reports/llm_explanations,Generated governed explanations from structured XAI evidence.,candidate
llm_multi_agent_governance_audit_2026-06-22T11:57:53+00:00,2026-06-22T11:57:53+00:00,c703039f0b501c8b61926a8844c9b2992e3e098d,python -m src.agents.run_llm_governance_audit,structured evidence + deterministic tools + LLM agent synthesis,no_salary_hike_no_attrition_no_department,offline:gpt-5.5,temperature configured by HR_XAI_LLM_TEMPERATURE,not_applicable,agent synthesis schema validation; supervisor readiness status,reports/agent_audits,Generated LLM-assisted multi-agent governance audit from structured evidence.,candidate
llm_dependencies_install_2026-06-22T12:01:31+00:00,2026-06-22T12:01:31+00:00,c703039f0b501c8b61926a8844c9b2992e3e098d,.\myenv\Scripts\pip.exe install -r requirements.txt,real LLM integration setup; provider=openai/offline configurable,no_salary_hike_no_attrition_no_department,llm_runtime_dependencies,not_applicable,not_applicable,openai/openai-agents installed successfully,src/llm; src/agents; reports/research_log,Installed real LLM and Agents SDK dependencies into myenv.,candidate
llm_setup_check_2026-06-22T12:01:31+00:00,2026-06-22T12:01:31+00:00,c703039f0b501c8b61926a8844c9b2992e3e098d,.\myenv\Scripts\python.exe -m src.llm.check_llm_setup,real LLM integration setup; provider=openai/offline configurable,no_salary_hike_no_attrition_no_department,llm_setup_checker,not_applicable,not_applicable,openai_sdk_installed=true; openai_agents_sdk_installed=true; openai_api_key_present=false,src/llm; src/agents; reports/research_log,Setup checker confirms SDKs installed and API key still missing.,candidate
llm_require_real_failfast_2026-06-22T12:01:31+00:00,2026-06-22T12:01:31+00:00,c703039f0b501c8b61926a8844c9b2992e3e098d,.\myenv\Scripts\python.exe -m src.llm.generate_governed_explanations --provider openai --require-real-llm --limit 1,real LLM integration setup; provider=openai/offline configurable,no_salary_hike_no_attrition_no_department,openai_structured_output_client,not_applicable,not_applicable,failed as expected because OPENAI_API_KEY is missing,src/llm; src/agents; reports/research_log,Verified real LLM mode does not silently fall back to offline stub when --require-real-llm is set.,candidate
llm_runtime_unittest_2026-06-22T12:01:31+00:00,2026-06-22T12:01:31+00:00,c703039f0b501c8b61926a8844c9b2992e3e098d,.\myenv\Scripts\python.exe -m unittest discover -s tests -v,real LLM integration setup; provider=openai/offline configurable,no_salary_hike_no_attrition_no_department,llm_agent_governance_tests,not_applicable,not_applicable,50 tests passed,src/llm; src/agents; reports/research_log,"Validated OpenAI client scaffolding, runtime config, setup checker, and LLM-assisted orchestrator fallback path.",candidate
llm_multi_agent_governance_audit_2026-06-23T07:30:27+00:00,2026-06-23T07:30:27+00:00,c703039f0b501c8b61926a8844c9b2992e3e098d,python -m src.agents.run_llm_governance_audit,agent_runtime=custom; structured evidence + deterministic tools + LLM agent synthesis,no_salary_hike_no_attrition_no_department,offline:gpt-5.4-mini,temperature configured by HR_XAI_LLM_TEMPERATURE,not_applicable,agent synthesis schema validation; supervisor readiness status,reports/agent_audits,Generated LLM-assisted multi-agent governance audit from structured evidence.,candidate
openai_agents_runtime_added_2026-06-23T07:31:50+00:00,2026-06-23T07:31:50+00:00,c703039f0b501c8b61926a8844c9b2992e3e098d,.\myenv\Scripts\python.exe -m py_compile src\agents\openai_agents_runtime.py src\agents\run_llm_governance_audit.py src\llm\cost_estimator.py src\llm\runtime_config.py,agent_runtime=openai-agents available; secrets via environment only,no_salary_hike_no_attrition_no_department,openai_agents_sdk_runtime,not_applicable,not_applicable,py_compile passed,src/agents; src/llm; reports/llm_explanations,"Validated OpenAI Agents SDK runtime, cost estimator, and runtime config syntax.",candidate
llm_cost_estimate_2026-06-23T07:31:50+00:00,2026-06-23T07:31:50+00:00,c703039f0b501c8b61926a8844c9b2992e3e098d,.\myenv\Scripts\python.exe -m src.llm.cost_estimator --write-report,agent_runtime=openai-agents available; secrets via environment only,no_salary_hike_no_attrition_no_department,llm_cost_estimator,not_applicable,not_applicable,cost report generated,src/agents; src/llm; reports/llm_explanations,Generated rough OpenAI API token-cost estimate for LLM-agent governance runs.,candidate
openai_agents_unittest_2026-06-23T07:31:50+00:00,2026-06-23T07:31:50+00:00,c703039f0b501c8b61926a8844c9b2992e3e098d,.\myenv\Scripts\python.exe -m unittest discover -s tests -v,agent_runtime=openai-agents available; secrets via environment only,no_salary_hike_no_attrition_no_department,openai_agents_governance_tests,not_applicable,not_applicable,53 tests passed,src/agents; src/llm; reports/llm_explanations,"Validated Agents SDK API-key guard, cost estimator, runtime config, and existing XAI pipeline tests.",candidate
openai_setup_key_visible_2026-06-23T08:06:31+00:00,2026-06-23T08:06:31+00:00,c703039f0b501c8b61926a8844c9b2992e3e098d,.\myenv\Scripts\python.exe -m src.llm.check_llm_setup,real OpenAI key visible; quota unavailable,no_salary_hike_no_attrition_no_department,openai_setup_checker,not_applicable,not_applicable,openai_api_key_present=true; provider_ready=true,reports/llm_explanations; reports/research_log,OPENAI_API_KEY was available through Windows Machine environment for command session; key value was not logged.,accepted
openai_smoke_blocked_quota_2026-06-23T08:06:31+00:00,2026-06-23T08:06:31+00:00,c703039f0b501c8b61926a8844c9b2992e3e098d,.\myenv\Scripts\python.exe -m src.llm.generate_governed_explanations --provider openai --require-real-llm --limit 1,real OpenAI key visible; quota unavailable,no_salary_hike_no_attrition_no_department,gpt-5.4-mini,not_applicable,not_applicable,blocked: insufficient_quota,reports/llm_explanations; reports/research_log,Real OpenAI smoke test reached API but was blocked by quota/billing; no governed output generated.,blocked
openai_error_handling_unittest_2026-06-23T08:06:31+00:00,2026-06-23T08:06:31+00:00,c703039f0b501c8b61926a8844c9b2992e3e098d,.\myenv\Scripts\python.exe -m unittest discover -s tests -v,real OpenAI key visible; quota unavailable,no_salary_hike_no_attrition_no_department,openai_error_handling_tests,not_applicable,not_applicable,53 tests passed,reports/llm_explanations; reports/research_log,Validated clean OpenAI runtime error handling did not regress existing tests.,accepted
llm_governed_explanations_2026-06-23T08:17:45+00:00,2026-06-23T08:17:45+00:00,c703039f0b501c8b61926a8844c9b2992e3e098d,python -m src.llm.generate_governed_explanations,structured evidence loaded from final candidate reports,no_salary_hike_no_attrition_no_department,openai:gpt-5.4-mini,deterministic,not_applicable,faithfulness score; warning coverage,reports/llm_explanations,Generated governed explanations from structured XAI evidence.,candidate
llm_multi_agent_governance_audit_2026-06-23T08:20:26+00:00,2026-06-23T08:20:26+00:00,c703039f0b501c8b61926a8844c9b2992e3e098d,python -m src.agents.run_llm_governance_audit,agent_runtime=openai-agents; structured evidence + deterministic tools + LLM agent synthesis,no_salary_hike_no_attrition_no_department,openai:gpt-5.4-mini,temperature configured by HR_XAI_LLM_TEMPERATURE,not_applicable,agent synthesis schema validation; supervisor readiness status,reports/agent_audits,Generated LLM-assisted multi-agent governance audit from structured evidence.,candidate
llm_governed_explanations_2026-06-23T08:22:55+00:00,2026-06-23T08:22:55+00:00,c703039f0b501c8b61926a8844c9b2992e3e098d,python -m src.llm.generate_governed_explanations,structured evidence loaded from final candidate reports,no_salary_hike_no_attrition_no_department,openai:gpt-5.4-mini,deterministic,not_applicable,faithfulness score; warning coverage,reports/llm_explanations,Generated governed explanations from structured XAI evidence.,candidate
llm_multi_agent_governance_audit_2026-06-23T08:23:42+00:00,2026-06-23T08:23:42+00:00,c703039f0b501c8b61926a8844c9b2992e3e098d,python -m src.agents.run_llm_governance_audit,agent_runtime=openai-agents; structured evidence + deterministic tools + LLM agent synthesis,no_salary_hike_no_attrition_no_department,openai:gpt-5.4-mini,temperature configured by HR_XAI_LLM_TEMPERATURE,not_applicable,agent synthesis schema validation; supervisor readiness status,reports/agent_audits,Generated LLM-assisted multi-agent governance audit from structured evidence.,candidate
real_openai_governed_explanation_success_2026-06-23T08:26:07+00:00,2026-06-23T08:26:07+00:00,c703039f0b501c8b61926a8844c9b2992e3e098d,.\myenv\Scripts\python.exe -m src.llm.generate_governed_explanations --provider openai --require-real-llm --limit 1,real OpenAI key present; provider=openai; require_real_llm=true,no_salary_hike_no_attrition_no_department,gpt-5.4-mini,temperature=0.0,not_applicable,faithfulness_pass=true; score=100; unsupported=0; forbidden=0; missing_warnings=0,reports/llm_explanations,Real OpenAI structured-output governed explanation succeeded for one case.,accepted
real_openai_agents_sdk_audit_success_2026-06-23T08:26:07+00:00,2026-06-23T08:26:07+00:00,c703039f0b501c8b61926a8844c9b2992e3e098d,.\myenv\Scripts\python.exe -m src.agents.run_llm_governance_audit --agent-runtime openai-agents --provider openai --require-real-llm,real OpenAI key present; provider=openai; require_real_llm=true,no_salary_hike_no_attrition_no_department,gpt-5.4-mini + OpenAI Agents SDK,temperature=0.0,not_applicable,supervisor_status=research_only; specialist_tools_completed,reports/agent_audits,Real OpenAI Agents SDK audit succeeded after bound no-argument tool fix.,accepted
real_openai_path_unittest_2026-06-23T08:26:07+00:00,2026-06-23T08:26:07+00:00,c703039f0b501c8b61926a8844c9b2992e3e098d,.\myenv\Scripts\python.exe -m unittest discover -s tests -v,real OpenAI key present; provider=openai; require_real_llm=true,no_salary_hike_no_attrition_no_department,real_openai_path_tests,temperature=0.0,not_applicable,54 tests passed,tests/,Validated faithfulness numeric tolerance and existing suite after real OpenAI smoke tests.,accepted
llm_governed_explanations_2026-06-23T08:35:35+00:00,2026-06-23T08:35:35+00:00,c703039f0b501c8b61926a8844c9b2992e3e098d,python -m src.llm.generate_governed_explanations,structured evidence loaded from final candidate reports,no_salary_hike_no_attrition_no_department,openai:gpt-5.4-mini,deterministic,not_applicable,faithfulness score; warning coverage,reports/llm_explanations,Generated governed explanations from structured XAI evidence.,candidate
llm_multi_agent_governance_audit_2026-06-23T08:36:20+00:00,2026-06-23T08:36:20+00:00,c703039f0b501c8b61926a8844c9b2992e3e098d,python -m src.agents.run_llm_governance_audit,agent_runtime=openai-agents; structured evidence + deterministic tools + LLM agent synthesis,no_salary_hike_no_attrition_no_department,openai:gpt-5.4-mini,temperature configured by HR_XAI_LLM_TEMPERATURE,not_applicable,agent synthesis schema validation; supervisor readiness status,reports/agent_audits,Generated LLM-assisted multi-agent governance audit from structured evidence.,candidate
llm_multi_agent_governance_audit_2026-06-23T08:37:11+00:00,2026-06-23T08:37:11+00:00,c703039f0b501c8b61926a8844c9b2992e3e098d,python -m src.agents.run_llm_governance_audit,agent_runtime=openai-agents; structured evidence + deterministic tools + LLM agent synthesis,no_salary_hike_no_attrition_no_department,openai:gpt-5.4-mini,temperature configured by HR_XAI_LLM_TEMPERATURE,not_applicable,agent synthesis schema validation; supervisor readiness status,reports/agent_audits,Generated LLM-assisted multi-agent governance audit from structured evidence.,candidate
llm_multi_agent_governance_audit_2026-06-23T08:37:46+00:00,2026-06-23T08:37:46+00:00,c703039f0b501c8b61926a8844c9b2992e3e098d,python -m src.agents.run_llm_governance_audit,agent_runtime=openai-agents; structured evidence + deterministic tools + LLM agent synthesis,no_salary_hike_no_attrition_no_department,openai:gpt-5.4-mini,temperature configured by HR_XAI_LLM_TEMPERATURE,not_applicable,agent synthesis schema validation; supervisor readiness status,reports/agent_audits,Generated LLM-assisted multi-agent governance audit from structured evidence.,candidate
llm_multi_agent_governance_audit_2026-06-23T08:38:31+00:00,2026-06-23T08:38:31+00:00,c703039f0b501c8b61926a8844c9b2992e3e098d,python -m src.agents.run_llm_governance_audit,agent_runtime=openai-agents; structured evidence + deterministic tools + LLM agent synthesis,no_salary_hike_no_attrition_no_department,openai:gpt-5.4-mini,temperature configured by HR_XAI_LLM_TEMPERATURE,not_applicable,agent synthesis schema validation; supervisor readiness status,reports/agent_audits,Generated LLM-assisted multi-agent governance audit from structured evidence.,candidate
llm_multi_agent_governance_audit_2026-06-23T08:39:08+00:00,2026-06-23T08:39:08+00:00,c703039f0b501c8b61926a8844c9b2992e3e098d,python -m src.agents.run_llm_governance_audit,agent_runtime=openai-agents; structured evidence + deterministic tools + LLM agent synthesis,no_salary_hike_no_attrition_no_department,openai:gpt-5.4-mini,temperature configured by HR_XAI_LLM_TEMPERATURE,not_applicable,agent synthesis schema validation; supervisor readiness status,reports/agent_audits,Generated LLM-assisted multi-agent governance audit from structured evidence.,candidate
chatbot_guardrail_eval_2026-06-23T08:39:09+00:00,2026-06-23T08:39:09+00:00,c703039f0b501c8b61926a8844c9b2992e3e098d,python -m src.chatbot.evaluate_chatbot,unsafe prompt set in src.chatbot.evaluate_chatbot,not_applicable,guardrailed_chatbot,deterministic,not_applicable,unsafe_prompt_refusal_rate=1.000,reports/chatbot_eval,Evaluated chatbot refusal behavior on unsafe HR prompts.,candidate
real_llm_eval_2026-06-23T08:39:09+00:00,2026-06-23T08:39:09+00:00,c703039f0b501c8b61926a8844c9b2992e3e098d,python -m src.llm.run_real_llm_evaluation,limit=5; provider=openai; agent_runtime=openai-agents; require_real_llm=True,no_salary_hike_no_attrition_no_department,env_default,temperature=0.0,not_applicable,faithfulness_pass_rate=1.0; agent_success_rate=0.966667; estimated_cost_usd=0.225309,reports/llm_explanations; reports/agent_audits; reports/chatbot_eval,Ran real OpenAI governed explanations and OpenAI Agents SDK audits for a small case batch.,candidate
llm_multi_agent_governance_audit_2026-06-23T08:40:54+00:00,2026-06-23T08:40:54+00:00,c703039f0b501c8b61926a8844c9b2992e3e098d,python -m src.agents.run_llm_governance_audit,agent_runtime=openai-agents; structured evidence + deterministic tools + LLM agent synthesis,no_salary_hike_no_attrition_no_department,openai:gpt-5.4-mini,temperature configured by HR_XAI_LLM_TEMPERATURE,not_applicable,agent synthesis schema validation; supervisor readiness status,reports/agent_audits,Generated LLM-assisted multi-agent governance audit from structured evidence.,candidate
real_openai_5case_eval_2026-06-23T08:43:42+00:00,2026-06-23T08:43:42+00:00,c703039f0b501c8b61926a8844c9b2992e3e098d,.\myenv\Scripts\python.exe -m src.llm.run_real_llm_evaluation --limit 5 --provider openai --agent-runtime openai-agents --require-real-llm,real OpenAI 5-case evaluation; provider=openai; agent_runtime=openai-agents; require_real_llm=true,no_salary_hike_no_attrition_no_department,gpt-5.4-mini + OpenAI Agents SDK,temperature=0.0,not_applicable,faithfulness_pass_rate=1.0; agent_success_rate=1.0; unsafe_prompt_refusal_rate=1.0; estimated_cost_usd=0.267099,reports/llm_explanations; reports/agent_audits; reports/chatbot_eval,"Ran 5-case real OpenAI governed explanations and Agents SDK governance audits, including case 568 remediation.",accepted
real_openai_usage_logging_tests_2026-06-23T08:43:42+00:00,2026-06-23T08:43:42+00:00,c703039f0b501c8b61926a8844c9b2992e3e098d,.\myenv\Scripts\python.exe -m unittest discover -s tests -v,real OpenAI 5-case evaluation; provider=openai; agent_runtime=openai-agents; require_real_llm=true,no_salary_hike_no_attrition_no_department,usage_logger_and_real_llm_eval_tests,temperature=0.0,not_applicable,56 tests passed,tests/,Validated usage/cost logger and full test suite after real OpenAI batch evaluation.,accepted
real_llm_eval_interpretation_2026-06-23T08:53:05+00:00,2026-06-23T08:53:05+00:00,c703039f0b501c8b61926a8844c9b2992e3e098d,python -m src.llm.interpret_real_llm_evaluation,summary_csv=C:\Users\Yusuf\Documents\GitHub\employee performance with XAI\reports\llm_explanations\real_llm_eval_summary.csv,no_salary_hike_no_attrition_no_department,OpenAI governed explanation + OpenAI Agents SDK audit,not_applicable,not_applicable,faithfulness_pass_rate=1.0; agent_success_rate=1.0; warning_consistency_rate=0.679861; unsafe_prompt_refusal_rate=1.0,reports/llm_explanations,Generated interpretation of real OpenAI small-batch LLM-agent evaluation metrics without extra API calls.,evidence_interpretation
warning_taxonomy_report_2026-06-23T11:07:10+00:00,2026-06-23T11:07:10+00:00,c703039f0b501c8b61926a8844c9b2992e3e098d,python -m src.governance.warning_taxonomy_report,canonical warning taxonomy for governed explanations and agents,not_applicable,governance_warning_taxonomy,deterministic,not_applicable,warnings=11; mandatory=8,reports/governance_reports,Wrote canonical warning taxonomy used for LLM explanations and agent audits.,accepted
chatbot_guardrail_eval_2026-06-23T11:08:51+00:00,2026-06-23T11:08:51+00:00,c703039f0b501c8b61926a8844c9b2992e3e098d,python -m src.chatbot.evaluate_chatbot,unsafe + adversarial + safe-control prompt sets in src.chatbot.evaluate_chatbot,not_applicable,guardrailed_chatbot,deterministic,not_applicable,unsafe_prompt_refusal_rate=0.941; safe_control_pass_rate=1.000,reports/chatbot_eval,Evaluated chatbot refusal behavior on unsafe/adversarial HR prompts and allowed behavior on safe audit prompts.,candidate
chatbot_guardrail_eval_2026-06-23T11:09:25+00:00,2026-06-23T11:09:25+00:00,c703039f0b501c8b61926a8844c9b2992e3e098d,python -m src.chatbot.evaluate_chatbot,unsafe + adversarial + safe-control prompt sets in src.chatbot.evaluate_chatbot,not_applicable,guardrailed_chatbot,deterministic,not_applicable,unsafe_prompt_refusal_rate=1.000; safe_control_pass_rate=1.000,reports/chatbot_eval,Evaluated chatbot refusal behavior on unsafe/adversarial HR prompts and allowed behavior on safe audit prompts.,candidate
llm_agent_manuscript_assets_2026-06-23T11:12:56+00:00,2026-06-23T11:12:56+00:00,c703039f0b501c8b61926a8844c9b2992e3e098d,python -m src.governance.manuscript_assets,agent roles + warning taxonomy + LLM eval + guardrail tables,no_salary_hike_no_attrition_no_department,manuscript_assets,deterministic,not_applicable,n_cases=5; faithfulness_pass_rate=1.0; unsupported_claim_rate=0.0; forbidden_claim_rate=0.0; agent_success_rate=1.0; warning_consistency_rate=0.679861; unsafe_prompt_refusal_rate=1.0,reports/manuscript_assets,Generated manuscript-ready LLM-agent extension tables and summary.,candidate
llm_governed_explanations_2026-06-23T11:13:54+00:00,2026-06-23T11:13:54+00:00,c703039f0b501c8b61926a8844c9b2992e3e098d,python -m src.llm.generate_governed_explanations,structured evidence loaded from final candidate reports,no_salary_hike_no_attrition_no_department,openai:gpt-5.4-mini,deterministic,not_applicable,faithfulness score; warning coverage,reports/llm_explanations,Generated governed explanations from structured XAI evidence.,candidate
llm_multi_agent_governance_audit_2026-06-23T11:14:30+00:00,2026-06-23T11:14:30+00:00,c703039f0b501c8b61926a8844c9b2992e3e098d,python -m src.agents.run_llm_governance_audit,agent_runtime=openai-agents; structured evidence + deterministic tools + LLM agent synthesis,no_salary_hike_no_attrition_no_department,openai:gpt-5.4-mini,temperature configured by HR_XAI_LLM_TEMPERATURE,not_applicable,agent synthesis schema validation; supervisor readiness status,reports/agent_audits,Generated LLM-assisted multi-agent governance audit from structured evidence.,candidate
llm_multi_agent_governance_audit_2026-06-23T11:15:19+00:00,2026-06-23T11:15:19+00:00,c703039f0b501c8b61926a8844c9b2992e3e098d,python -m src.agents.run_llm_governance_audit,agent_runtime=openai-agents; structured evidence + deterministic tools + LLM agent synthesis,no_salary_hike_no_attrition_no_department,openai:gpt-5.4-mini,temperature configured by HR_XAI_LLM_TEMPERATURE,not_applicable,agent synthesis schema validation; supervisor readiness status,reports/agent_audits,Generated LLM-assisted multi-agent governance audit from structured evidence.,candidate
llm_multi_agent_governance_audit_2026-06-23T11:15:50+00:00,2026-06-23T11:15:50+00:00,c703039f0b501c8b61926a8844c9b2992e3e098d,python -m src.agents.run_llm_governance_audit,agent_runtime=openai-agents; structured evidence + deterministic tools + LLM agent synthesis,no_salary_hike_no_attrition_no_department,openai:gpt-5.4-mini,temperature configured by HR_XAI_LLM_TEMPERATURE,not_applicable,agent synthesis schema validation; supervisor readiness status,reports/agent_audits,Generated LLM-assisted multi-agent governance audit from structured evidence.,candidate
llm_multi_agent_governance_audit_2026-06-23T11:16:28+00:00,2026-06-23T11:16:28+00:00,c703039f0b501c8b61926a8844c9b2992e3e098d,python -m src.agents.run_llm_governance_audit,agent_runtime=openai-agents; structured evidence + deterministic tools + LLM agent synthesis,no_salary_hike_no_attrition_no_department,openai:gpt-5.4-mini,temperature configured by HR_XAI_LLM_TEMPERATURE,not_applicable,agent synthesis schema validation; supervisor readiness status,reports/agent_audits,Generated LLM-assisted multi-agent governance audit from structured evidence.,candidate
llm_multi_agent_governance_audit_2026-06-23T11:17:04+00:00,2026-06-23T11:17:04+00:00,c703039f0b501c8b61926a8844c9b2992e3e098d,python -m src.agents.run_llm_governance_audit,agent_runtime=openai-agents; structured evidence + deterministic tools + LLM agent synthesis,no_salary_hike_no_attrition_no_department,openai:gpt-5.4-mini,temperature configured by HR_XAI_LLM_TEMPERATURE,not_applicable,agent synthesis schema validation; supervisor readiness status,reports/agent_audits,Generated LLM-assisted multi-agent governance audit from structured evidence.,candidate
chatbot_guardrail_eval_2026-06-23T11:17:05+00:00,2026-06-23T11:17:05+00:00,c703039f0b501c8b61926a8844c9b2992e3e098d,python -m src.chatbot.evaluate_chatbot,unsafe + adversarial + safe-control prompt sets in src.chatbot.evaluate_chatbot,not_applicable,guardrailed_chatbot,deterministic,not_applicable,unsafe_prompt_refusal_rate=1.000; safe_control_pass_rate=1.000,reports/chatbot_eval,Evaluated chatbot refusal behavior on unsafe/adversarial HR prompts and allowed behavior on safe audit prompts.,candidate
real_llm_eval_2026-06-23T11:17:05+00:00,2026-06-23T11:17:05+00:00,c703039f0b501c8b61926a8844c9b2992e3e098d,python -m src.llm.run_real_llm_evaluation,limit=10; provider=openai; agent_runtime=openai-agents; require_real_llm=True,no_salary_hike_no_attrition_no_department,env_default,temperature=0.0,not_applicable,faithfulness_pass_rate=1.0; agent_success_rate=1.0; estimated_cost_usd=0.23105,reports/llm_explanations; reports/agent_audits; reports/chatbot_eval,Ran real OpenAI governed explanations and OpenAI Agents SDK audits for a small case batch.,candidate
supplemental_reason_codes_2026-06-23T11:19:45+00:00,2026-06-23T11:19:45+00:00,c703039f0b501c8b61926a8844c9b2992e3e098d,python -m src.llm.build_supplemental_reason_codes,source_dir=C:\Users\Yusuf\Documents\GitHub\employee performance with XAI\reports\leakage_safe\xgboost_no_salary_hike_no_attrition_no_department\shap; final-policy forbidden features filtered,no_salary_hike_no_attrition_no_department,xgboost,deterministic_existing_shap_outputs,not_applicable,written=5; skipped=0,reports/xai/final_candidates/reason_code_examples,Built supplemental reason-code evidence from existing XGBoost local grouped SHAP tables for larger LLM evaluation.,accepted
llm_governed_explanations_2026-06-23T11:21:24+00:00,2026-06-23T11:21:24+00:00,c703039f0b501c8b61926a8844c9b2992e3e098d,python -m src.llm.generate_governed_explanations,structured evidence loaded from final candidate reports,no_salary_hike_no_attrition_no_department,openai:gpt-5.4-mini,deterministic,not_applicable,faithfulness score; warning coverage,reports/llm_explanations,Generated governed explanations from structured XAI evidence.,candidate
llm_multi_agent_governance_audit_2026-06-23T11:22:01+00:00,2026-06-23T11:22:01+00:00,c703039f0b501c8b61926a8844c9b2992e3e098d,python -m src.agents.run_llm_governance_audit,agent_runtime=openai-agents; structured evidence + deterministic tools + LLM agent synthesis,no_salary_hike_no_attrition_no_department,openai:gpt-5.4-mini,temperature configured by HR_XAI_LLM_TEMPERATURE,not_applicable,agent synthesis schema validation; supervisor readiness status,reports/agent_audits,Generated LLM-assisted multi-agent governance audit from structured evidence.,candidate
llm_multi_agent_governance_audit_2026-06-23T11:22:37+00:00,2026-06-23T11:22:37+00:00,c703039f0b501c8b61926a8844c9b2992e3e098d,python -m src.agents.run_llm_governance_audit,agent_runtime=openai-agents; structured evidence + deterministic tools + LLM agent synthesis,no_salary_hike_no_attrition_no_department,openai:gpt-5.4-mini,temperature configured by HR_XAI_LLM_TEMPERATURE,not_applicable,agent synthesis schema validation; supervisor readiness status,reports/agent_audits,Generated LLM-assisted multi-agent governance audit from structured evidence.,candidate
llm_multi_agent_governance_audit_2026-06-23T11:23:23+00:00,2026-06-23T11:23:23+00:00,c703039f0b501c8b61926a8844c9b2992e3e098d,python -m src.agents.run_llm_governance_audit,agent_runtime=openai-agents; structured evidence + deterministic tools + LLM agent synthesis,no_salary_hike_no_attrition_no_department,openai:gpt-5.4-mini,temperature configured by HR_XAI_LLM_TEMPERATURE,not_applicable,agent synthesis schema validation; supervisor readiness status,reports/agent_audits,Generated LLM-assisted multi-agent governance audit from structured evidence.,candidate
llm_multi_agent_governance_audit_2026-06-23T11:24:01+00:00,2026-06-23T11:24:01+00:00,c703039f0b501c8b61926a8844c9b2992e3e098d,python -m src.agents.run_llm_governance_audit,agent_runtime=openai-agents; structured evidence + deterministic tools + LLM agent synthesis,no_salary_hike_no_attrition_no_department,openai:gpt-5.4-mini,temperature configured by HR_XAI_LLM_TEMPERATURE,not_applicable,agent synthesis schema validation; supervisor readiness status,reports/agent_audits,Generated LLM-assisted multi-agent governance audit from structured evidence.,candidate
llm_multi_agent_governance_audit_2026-06-23T11:24:44+00:00,2026-06-23T11:24:44+00:00,c703039f0b501c8b61926a8844c9b2992e3e098d,python -m src.agents.run_llm_governance_audit,agent_runtime=openai-agents; structured evidence + deterministic tools + LLM agent synthesis,no_salary_hike_no_attrition_no_department,openai:gpt-5.4-mini,temperature configured by HR_XAI_LLM_TEMPERATURE,not_applicable,agent synthesis schema validation; supervisor readiness status,reports/agent_audits,Generated LLM-assisted multi-agent governance audit from structured evidence.,candidate
llm_multi_agent_governance_audit_2026-06-23T11:25:24+00:00,2026-06-23T11:25:24+00:00,c703039f0b501c8b61926a8844c9b2992e3e098d,python -m src.agents.run_llm_governance_audit,agent_runtime=openai-agents; structured evidence + deterministic tools + LLM agent synthesis,no_salary_hike_no_attrition_no_department,openai:gpt-5.4-mini,temperature configured by HR_XAI_LLM_TEMPERATURE,not_applicable,agent synthesis schema validation; supervisor readiness status,reports/agent_audits,Generated LLM-assisted multi-agent governance audit from structured evidence.,candidate
llm_multi_agent_governance_audit_2026-06-23T11:26:01+00:00,2026-06-23T11:26:01+00:00,c703039f0b501c8b61926a8844c9b2992e3e098d,python -m src.agents.run_llm_governance_audit,agent_runtime=openai-agents; structured evidence + deterministic tools + LLM agent synthesis,no_salary_hike_no_attrition_no_department,openai:gpt-5.4-mini,temperature configured by HR_XAI_LLM_TEMPERATURE,not_applicable,agent synthesis schema validation; supervisor readiness status,reports/agent_audits,Generated LLM-assisted multi-agent governance audit from structured evidence.,candidate
llm_multi_agent_governance_audit_2026-06-23T11:26:35+00:00,2026-06-23T11:26:35+00:00,c703039f0b501c8b61926a8844c9b2992e3e098d,python -m src.agents.run_llm_governance_audit,agent_runtime=openai-agents; structured evidence + deterministic tools + LLM agent synthesis,no_salary_hike_no_attrition_no_department,openai:gpt-5.4-mini,temperature configured by HR_XAI_LLM_TEMPERATURE,not_applicable,agent synthesis schema validation; supervisor readiness status,reports/agent_audits,Generated LLM-assisted multi-agent governance audit from structured evidence.,candidate
llm_multi_agent_governance_audit_2026-06-23T11:27:16+00:00,2026-06-23T11:27:16+00:00,c703039f0b501c8b61926a8844c9b2992e3e098d,python -m src.agents.run_llm_governance_audit,agent_runtime=openai-agents; structured evidence + deterministic tools + LLM agent synthesis,no_salary_hike_no_attrition_no_department,openai:gpt-5.4-mini,temperature configured by HR_XAI_LLM_TEMPERATURE,not_applicable,agent synthesis schema validation; supervisor readiness status,reports/agent_audits,Generated LLM-assisted multi-agent governance audit from structured evidence.,candidate
llm_multi_agent_governance_audit_2026-06-23T11:27:58+00:00,2026-06-23T11:27:58+00:00,c703039f0b501c8b61926a8844c9b2992e3e098d,python -m src.agents.run_llm_governance_audit,agent_runtime=openai-agents; structured evidence + deterministic tools + LLM agent synthesis,no_salary_hike_no_attrition_no_department,openai:gpt-5.4-mini,temperature configured by HR_XAI_LLM_TEMPERATURE,not_applicable,agent synthesis schema validation; supervisor readiness status,reports/agent_audits,Generated LLM-assisted multi-agent governance audit from structured evidence.,candidate
chatbot_guardrail_eval_2026-06-23T11:27:58+00:00,2026-06-23T11:27:58+00:00,c703039f0b501c8b61926a8844c9b2992e3e098d,python -m src.chatbot.evaluate_chatbot,unsafe + adversarial + safe-control prompt sets in src.chatbot.evaluate_chatbot,not_applicable,guardrailed_chatbot,deterministic,not_applicable,unsafe_prompt_refusal_rate=1.000; safe_control_pass_rate=1.000,reports/chatbot_eval,Evaluated chatbot refusal behavior on unsafe/adversarial HR prompts and allowed behavior on safe audit prompts.,candidate
real_llm_eval_2026-06-23T11:27:58+00:00,2026-06-23T11:27:58+00:00,c703039f0b501c8b61926a8844c9b2992e3e098d,python -m src.llm.run_real_llm_evaluation,limit=10; provider=openai; agent_runtime=openai-agents; require_real_llm=True,no_salary_hike_no_attrition_no_department,env_default,temperature=0.0,not_applicable,faithfulness_pass_rate=0.9; agent_success_rate=1.0; estimated_cost_usd=0.440754,reports/llm_explanations; reports/agent_audits; reports/chatbot_eval,Ran real OpenAI governed explanations and OpenAI Agents SDK audits for a small case batch.,candidate
real_llm_report_refresh_2026-06-23T11:30:09+00:00,2026-06-23T11:30:09+00:00,c703039f0b501c8b61926a8844c9b2992e3e098d,python -m src.llm.refresh_real_llm_reports,limit=10; no API calls; recompute faithfulness and summary from saved outputs,no_salary_hike_no_attrition_no_department,saved_openai_outputs,not_applicable,not_applicable,faithfulness_pass_rate=1.0; agent_success_rate=1.0; warning_consistency_rate=0.829497,reports/llm_explanations,Refreshed real LLM reports after checker warning-variant remediation without new API calls.,accepted
real_llm_eval_interpretation_2026-06-23T11:30:18+00:00,2026-06-23T11:30:18+00:00,c703039f0b501c8b61926a8844c9b2992e3e098d,python -m src.llm.interpret_real_llm_evaluation,summary_csv=C:\Users\Yusuf\Documents\GitHub\employee performance with XAI\reports\llm_explanations\real_llm_eval_summary.csv,no_salary_hike_no_attrition_no_department,OpenAI governed explanation + OpenAI Agents SDK audit,not_applicable,not_applicable,faithfulness_pass_rate=1.0; agent_success_rate=1.0; warning_consistency_rate=0.829497; unsafe_prompt_refusal_rate=1.0,reports/llm_explanations,Generated interpretation of real OpenAI small-batch LLM-agent evaluation metrics without extra API calls.,evidence_interpretation
llm_agent_manuscript_assets_2026-06-23T11:30:18+00:00,2026-06-23T11:30:18+00:00,c703039f0b501c8b61926a8844c9b2992e3e098d,python -m src.governance.manuscript_assets,agent roles + warning taxonomy + LLM eval + guardrail tables,no_salary_hike_no_attrition_no_department,manuscript_assets,deterministic,not_applicable,n_cases=10; faithfulness_pass_rate=1.0; unsupported_claim_rate=0.0; forbidden_claim_rate=0.0; agent_success_rate=1.0; warning_consistency_rate=0.829497; unsafe_prompt_refusal_rate=1.0,reports/manuscript_assets,Generated manuscript-ready LLM-agent extension tables and summary.,candidate
real_llm_eval_interpretation_2026-06-23T11:30:40+00:00,2026-06-23T11:30:40+00:00,c703039f0b501c8b61926a8844c9b2992e3e098d,python -m src.llm.interpret_real_llm_evaluation,summary_csv=C:\Users\Yusuf\Documents\GitHub\employee performance with XAI\reports\llm_explanations\real_llm_eval_summary.csv,no_salary_hike_no_attrition_no_department,OpenAI governed explanation + OpenAI Agents SDK audit,not_applicable,not_applicable,faithfulness_pass_rate=1.0; agent_success_rate=1.0; warning_consistency_rate=0.829497; unsafe_prompt_refusal_rate=1.0,reports/llm_explanations,Generated interpretation of real OpenAI small-batch LLM-agent evaluation metrics without extra API calls.,evidence_interpretation
llm_agent_five_stage_validation_2026-06-23T11:32:39+00:00,2026-06-23T11:32:39+00:00,c703039f0b501c8b61926a8844c9b2992e3e098d,.\myenv\Scripts\python.exe -m unittest discover -s tests -v; text secret scan,warning taxonomy + adversarial guardrails + streamlit governance + manuscript assets + 10-case real OpenAI evaluation,no_salary_hike_no_attrition_no_department,xgboost + gpt-5.4-mini governed explanation + OpenAI Agents SDK,temperature=0.0,not_applicable,67 tests passed; text_secret_pattern_hits=0; real_openai_cases=10; faithfulness_pass_rate=1.0; agent_success_rate=1.0; guardrail_refusal_rate=1.0,reports/llm_explanations; reports/agent_audits; reports/chatbot_eval; reports/governance_reports; reports/manuscript_assets,Completed five follow-up LLM-agent governance stages and wrote PROJECT_CONTINUATION_HANDOFF.md.,accepted
external_dataset_audit_ibm_hr_analytics_attrition_2026-06-24T07:09:45+00:00,2026-06-24T07:09:45+00:00,c318d933fd81bf05e3eb4529704cb21388d3e1ca,python -m src.data.external_audit,data/external/ibm_hr_analytics/schema_mapping.json,not_applicable,not_applicable,not_applicable,not_applicable,"{""labels"": [0, 1], ""rows"": 1470, ""task_type"": ""binary_attrition""}",reports\external_validation\ibm_hr_analytics_attrition,"External dataset schema, target, leakage, sensitive, proxy, missingness, and duplicate audit.",candidate
external_dataset_audit_employee_turnover_primary_2026-06-24T07:09:45+00:00,2026-06-24T07:09:45+00:00,c318d933fd81bf05e3eb4529704cb21388d3e1ca,python -m src.data.external_audit,data/external/employee_turnover/schema_mapping.json,not_applicable,not_applicable,not_applicable,not_applicable,"{""labels"": [0, 1], ""rows"": 14999, ""task_type"": ""binary_turnover""}",reports\external_validation\employee_turnover,"External dataset schema, target, leakage, sensitive, proxy, missingness, and duplicate audit.",candidate
external_dataset_audit_hrdataset_v14_primary_2026-06-24T07:09:45+00:00,2026-06-24T07:09:45+00:00,c318d933fd81bf05e3eb4529704cb21388d3e1ca,python -m src.data.external_audit,data/external/hrdataset_v14/schema_mapping.json,not_applicable,not_applicable,not_applicable,not_applicable,"{""labels"": [2, 3, 4], ""rows"": 311, ""task_type"": ""ordinal_multiclass_performance""}",reports\external_validation\hrdataset_v14,"External dataset schema, target, leakage, sensitive, proxy, missingness, and duplicate audit.",candidate
external_dataset_audit_ibm_hr_analytics_primary_2026-06-24T07:09:45+00:00,2026-06-24T07:09:45+00:00,c318d933fd81bf05e3eb4529704cb21388d3e1ca,python -m src.data.external_audit,data/external/ibm_hr_analytics/schema_mapping.json,not_applicable,not_applicable,not_applicable,not_applicable,"{""labels"": [3, 4], ""rows"": 1470, ""task_type"": ""restricted_ordinal_performance""}",reports\external_validation\ibm_hr_analytics,"External dataset schema, target, leakage, sensitive, proxy, missingness, and duplicate audit.",candidate
external_cross_dataset_feasibility_2026-06-24T07:17:13+00:00,2026-06-24T07:17:13+00:00,c318d933fd81bf05e3eb4529704cb21388d3e1ca,python -m src.experiments.external_validation --cross-dataset,configs/feature_sets.yaml; data/external/hrdataset_v14/schema_mapping.json,no_salary_hike_no_attrition_no_department,not_trained,42,train_on_inx_test_on_hrdataset if feasible,"{""feasible"": false, ""n_common_features"": 3}",reports\external_validation\hrdataset_v14\cross_dataset_inx_to_hrdataset,Cross-dataset feasibility gate based on common safe canonical features.,candidate
external_llm_agent_hrdataset_v14_primary_2026-06-24T07:24:09+00:00,2026-06-24T07:24:09+00:00,c318d933fd81bf05e3eb4529704cb21388d3e1ca,python -m src.experiments.external_validation --run-llm,data/external/hrdataset_v14/schema_mapping.json,department_free,gpt-5.4-mini,temperature=0.0,not_applicable,"{""agent_success_rate"": 0.0, ""case_ids"": ""hrdataset_v14_department_free_49;hrdataset_v14_department_free_209;hrdataset_v14_department_free_208;hrdataset_v14_department_free_1;hrdataset_v14_department_free_105"", ""dataset"": ""hrdataset_v14"", ""faithfulness_pass_rate"": 0.0, ""forbidden_claim_rate"": 0.0, ""missing_warning_rate"": 0.0, ""model"": ""gpt-5.4-mini"", ""model_provider"": ""openai"", ""n_cases"": 5, ""policy"": ""department_free"", ""target_kind"": ""primary"", ""unsupported_claim_rate"": 1.0}",reports\external_validation\hrdataset_v14\llm_agent_governance,Real OpenAI governed explanations and OpenAI Agents SDK audits for external representative cases.,candidate
external_llm_agent_employee_turnover_primary_2026-06-24T07:28:20+00:00,2026-06-24T07:28:20+00:00,c318d933fd81bf05e3eb4529704cb21388d3e1ca,python -m src.experiments.external_validation --run-llm,data/external/employee_turnover/schema_mapping.json,without_last_evaluation,gpt-5.4-mini,temperature=0.0,not_applicable,"{""agent_success_rate"": 0.0, ""case_ids"": ""employee_turnover_without_last_evaluation_2594;employee_turnover_without_last_evaluation_3989;employee_turnover_without_last_evaluation_1158;employee_turnover_without_last_evaluation_137;employee_turnover_without_last_evaluation_14587"", ""dataset"": ""employee_turnover"", ""faithfulness_pass_rate"": 0.2, ""forbidden_claim_rate"": 0.0, ""missing_warning_rate"": 0.0, ""model"": ""gpt-5.4-mini"", ""model_provider"": ""openai"", ""n_cases"": 5, ""policy"": ""without_last_evaluation"", ""target_kind"": ""primary"", ""unsupported_claim_rate"": 0.8}",reports\external_validation\employee_turnover\llm_agent_governance,Real OpenAI governed explanations and OpenAI Agents SDK audits for external representative cases.,candidate
external_llm_agent_ibm_hr_analytics_primary_2026-06-24T07:28:29+00:00,2026-06-24T07:28:29+00:00,c318d933fd81bf05e3eb4529704cb21388d3e1ca,python -m src.experiments.external_validation --run-llm,data/external/ibm_hr_analytics/schema_mapping.json,department_free,gpt-5.4-mini,temperature=0.0,not_applicable,"{""agent_success_rate"": 0.0, ""case_ids"": ""ibm_hr_analytics_department_free_45;ibm_hr_analytics_department_free_174;ibm_hr_analytics_department_free_918;ibm_hr_analytics_department_free_20;ibm_hr_analytics_department_free_272"", ""dataset"": ""ibm_hr_analytics"", ""faithfulness_pass_rate"": 0.0, ""forbidden_claim_rate"": 0.0, ""missing_warning_rate"": 0.0, ""model"": ""gpt-5.4-mini"", ""model_provider"": ""openai"", ""n_cases"": 5, ""policy"": ""department_free"", ""target_kind"": ""primary"", ""unsupported_claim_rate"": 1.0}",reports\external_validation\ibm_hr_analytics\llm_agent_governance,Real OpenAI governed explanations and OpenAI Agents SDK audits for external representative cases.,candidate
external_validation_reports_2026-06-24T07:31:04+00:00,2026-06-24T07:31:04+00:00,c318d933fd81bf05e3eb4529704cb21388d3e1ca,python -m src.governance.external_validation_reports,generated external validation artifacts,external policies; see reports,xgboost; OpenAI governed explanation and agents,42; LLM temperature 0,artifact aggregation,external validation summary tables,reports/external_validation; reports/manuscript_assets; reports/governance_reports,"Generated integrated external validation, manuscript, and governance summaries.",candidate
external_llm_agent_hrdataset_v14_primary_2026-06-24T07:37:37+00:00,2026-06-24T07:37:37+00:00,c318d933fd81bf05e3eb4529704cb21388d3e1ca,python -m src.experiments.external_validation --run-llm,data/external/hrdataset_v14/schema_mapping.json,department_free,gpt-5.4-mini,temperature=0.0,not_applicable,"{""agent_failure_rate"": 0.0, ""agent_runtime_success_rate"": 1.0, ""agent_success_rate"": 1.0, ""case_ids"": ""hrdataset_v14_department_free_49;hrdataset_v14_department_free_209;hrdataset_v14_department_free_208;hrdataset_v14_department_free_1;hrdataset_v14_department_free_105"", ""dataset"": ""hrdataset_v14"", ""faithfulness_pass_rate"": 1.0, ""forbidden_claim_rate"": 0.0, ""missing_warning_rate"": 0.0, ""model"": ""gpt-5.4-mini"", ""model_provider"": ""openai"", ""n_cases"": 5, ""policy"": ""department_free"", ""target_kind"": ""primary"", ""unsupported_claim_rate"": 0.0}",reports\external_validation\hrdataset_v14\llm_agent_governance,Real OpenAI governed explanations and OpenAI Agents SDK audits for external representative cases.,candidate
external_llm_agent_ibm_hr_analytics_primary_2026-06-24T07:41:54+00:00,2026-06-24T07:41:54+00:00,c318d933fd81bf05e3eb4529704cb21388d3e1ca,python -m src.experiments.external_validation --run-llm,data/external/ibm_hr_analytics/schema_mapping.json,department_free,gpt-5.4-mini,temperature=0.0,not_applicable,"{""agent_failure_rate"": 0.0, ""agent_runtime_success_rate"": 1.0, ""agent_success_rate"": 1.0, ""case_ids"": ""ibm_hr_analytics_department_free_45;ibm_hr_analytics_department_free_174;ibm_hr_analytics_department_free_918;ibm_hr_analytics_department_free_20;ibm_hr_analytics_department_free_272"", ""dataset"": ""ibm_hr_analytics"", ""faithfulness_pass_rate"": 1.0, ""forbidden_claim_rate"": 0.0, ""missing_warning_rate"": 0.0, ""model"": ""gpt-5.4-mini"", ""model_provider"": ""openai"", ""n_cases"": 5, ""policy"": ""department_free"", ""target_kind"": ""primary"", ""unsupported_claim_rate"": 0.0}",reports\external_validation\ibm_hr_analytics\llm_agent_governance,Real OpenAI governed explanations and OpenAI Agents SDK audits for external representative cases.,candidate
external_llm_agent_employee_turnover_primary_2026-06-24T07:41:57+00:00,2026-06-24T07:41:57+00:00,c318d933fd81bf05e3eb4529704cb21388d3e1ca,python -m src.experiments.external_validation --run-llm,data/external/employee_turnover/schema_mapping.json,without_last_evaluation,gpt-5.4-mini,temperature=0.0,not_applicable,"{""agent_failure_rate"": 0.2, ""agent_runtime_success_rate"": 1.0, ""agent_success_rate"": 0.8, ""case_ids"": ""employee_turnover_without_last_evaluation_2594;employee_turnover_without_last_evaluation_3989;employee_turnover_without_last_evaluation_1158;employee_turnover_without_last_evaluation_137;employee_turnover_without_last_evaluation_14587"", ""dataset"": ""employee_turnover"", ""faithfulness_pass_rate"": 0.8, ""forbidden_claim_rate"": 0.0, ""missing_warning_rate"": 0.0, ""model"": ""gpt-5.4-mini"", ""model_provider"": ""openai"", ""n_cases"": 5, ""policy"": ""without_last_evaluation"", ""target_kind"": ""primary"", ""unsupported_claim_rate"": 0.2}",reports\external_validation\employee_turnover\llm_agent_governance,Real OpenAI governed explanations and OpenAI Agents SDK audits for external representative cases.,candidate
external_validation_reports_2026-06-24T07:42:16+00:00,2026-06-24T07:42:16+00:00,c318d933fd81bf05e3eb4529704cb21388d3e1ca,python -m src.governance.external_validation_reports,generated external validation artifacts,external policies; see reports,xgboost; OpenAI governed explanation and agents,42; LLM temperature 0,artifact aggregation,external validation summary tables,reports/external_validation; reports/manuscript_assets; reports/governance_reports,"Generated integrated external validation, manuscript, and governance summaries.",candidate
external_llm_agent_employee_turnover_primary_2026-06-24T07:47:07+00:00,2026-06-24T07:47:07+00:00,c318d933fd81bf05e3eb4529704cb21388d3e1ca,python -m src.experiments.external_validation --run-llm,data/external/employee_turnover/schema_mapping.json,without_last_evaluation,gpt-5.4-mini,temperature=0.0,not_applicable,"{""agent_failure_rate"": 0.0, ""agent_runtime_success_rate"": 1.0, ""agent_success_rate"": 1.0, ""case_ids"": ""employee_turnover_without_last_evaluation_2594;employee_turnover_without_last_evaluation_3989;employee_turnover_without_last_evaluation_1158;employee_turnover_without_last_evaluation_137;employee_turnover_without_last_evaluation_14587"", ""dataset"": ""employee_turnover"", ""faithfulness_pass_rate"": 1.0, ""forbidden_claim_rate"": 0.0, ""missing_warning_rate"": 0.0, ""model"": ""gpt-5.4-mini"", ""model_provider"": ""openai"", ""n_cases"": 5, ""policy"": ""without_last_evaluation"", ""target_kind"": ""primary"", ""unsupported_claim_rate"": 0.0}",reports\external_validation\employee_turnover\llm_agent_governance,Real OpenAI governed explanations and OpenAI Agents SDK audits for external representative cases.,candidate
external_validation_reports_2026-06-24T07:47:18+00:00,2026-06-24T07:47:18+00:00,c318d933fd81bf05e3eb4529704cb21388d3e1ca,python -m src.governance.external_validation_reports,generated external validation artifacts,external policies; see reports,xgboost; OpenAI governed explanation and agents,42; LLM temperature 0,artifact aggregation,external validation summary tables,reports/external_validation; reports/manuscript_assets; reports/governance_reports,"Generated integrated external validation, manuscript, and governance summaries.",candidate
external_validation_reports_2026-06-24T07:52:38+00:00,2026-06-24T07:52:38+00:00,c318d933fd81bf05e3eb4529704cb21388d3e1ca,python -m src.governance.external_validation_reports,generated external validation artifacts,external policies; see reports,xgboost; OpenAI governed explanation and agents,42; LLM temperature 0,artifact aggregation,external validation summary tables,reports/external_validation; reports/manuscript_assets; reports/governance_reports,"Generated integrated external validation, manuscript, and governance summaries.",candidate
external_validation_reports_2026-06-24T07:53:11+00:00,2026-06-24T07:53:11+00:00,c318d933fd81bf05e3eb4529704cb21388d3e1ca,python -m src.governance.external_validation_reports,generated external validation artifacts,external policies; see reports,xgboost; OpenAI governed explanation and agents,42; LLM temperature 0,artifact aggregation,external validation summary tables,reports/external_validation; reports/manuscript_assets; reports/governance_reports,"Generated integrated external validation, manuscript, and governance summaries.",candidate
external_validation_reports_2026-06-24T07:54:42+00:00,2026-06-24T07:54:42+00:00,c318d933fd81bf05e3eb4529704cb21388d3e1ca,python -m src.governance.external_validation_reports,generated external validation artifacts,external policies; see reports,xgboost; OpenAI governed explanation and agents,42; LLM temperature 0,artifact aggregation,external validation summary tables,reports/external_validation; reports/manuscript_assets; reports/governance_reports,"Generated integrated external validation, manuscript, and governance summaries.",candidate
